CloudletID,STATUS,DatacenterID,VMID,Time,Start Time,Finish Time

0,SUCCESS,Datacenter_3,39,0.64,0.4,1.04
15,SUCCESS,Datacenter_2,36,0.93,0.4,1.33
171,SUCCESS,Datacenter_2,32,1.04,0.4,1.44
12,SUCCESS,Datacenter_2,37,1.15,0.4,1.55
63,SUCCESS,Datacenter_2,34,1.26,0.4,1.66
20,SUCCESS,Datacenter_3,39,0.64,1.04,1.68
31,SUCCESS,Datacenter_1,30,1.43,0.4,1.83
16,SUCCESS,Datacenter_2,36,0.62,1.33,1.94
264,SUCCESS,Datacenter_2,32,0.69,1.44,2.13
40,SUCCESS,Datacenter_0,12,1.85,0.4,2.25
396,SUCCESS,Datacenter_2,32,0.69,2.13,2.83
103,SUCCESS,Datacenter_2,34,1.28,1.66,2.94
47,SUCCESS,Datacenter_2,36,1,1.94,2.94
307,SUCCESS,Datacenter_0,14,3.06,0.4,3.46
56,SUCCESS,Datacenter_2,36,0.62,2.94,3.55
431,SUCCESS,Datacenter_2,32,1.04,2.83,3.87
155,SUCCESS,Datacenter_2,34,1.26,2.94,4.19
27,SUCCESS,Datacenter_0,8,4.15,0.4,4.55
159,SUCCESS,Datacenter_2,34,1.26,4.19,5.45
308,SUCCESS,Datacenter_0,14,2.04,3.46,5.49
23,SUCCESS,Datacenter_0,7,5.34,0.4,5.74
11,SUCCESS,Datacenter_0,6,7.13,0.4,7.53
38,SUCCESS,Datacenter_2,35,7.14,0.4,7.54
2,SUCCESS,Datacenter_2,38,7.52,0.4,7.92
26,SUCCESS,Datacenter_3,39,6.41,1.68,8.09
18,SUCCESS,Datacenter_2,31,8.06,0.4,8.46
347,SUCCESS,Datacenter_0,14,3.06,5.49,8.55
4,SUCCESS,Datacenter_2,38,0.75,7.92,8.67
8,SUCCESS,Datacenter_0,3,8.31,0.4,8.71
43,SUCCESS,Datacenter_3,39,0.96,8.09,9.05
52,SUCCESS,Datacenter_0,7,3.56,5.74,9.3
7,SUCCESS,Datacenter_2,38,1.13,8.67,9.8
62,SUCCESS,Datacenter_2,33,12.12,0.4,12.52
66,SUCCESS,Datacenter_0,16,13.88,0.4,14.28
115,SUCCESS,Datacenter_2,33,1.82,12.52,14.33
61,SUCCESS,Datacenter_2,36,12.35,3.55,15.9
541,SUCCESS,Datacenter_1,28,15.87,0.4,16.27
58,SUCCESS,Datacenter_2,31,8.06,8.46,16.52
95,SUCCESS,Datacenter_2,36,0.92,15.9,16.82
36,SUCCESS,Datacenter_0,3,8.32,8.71,17.03
886,SUCCESS,Datacenter_0,15,16.74,0.4,17.14
484,SUCCESS,Datacenter_2,31,0.8,16.52,17.33
441,SUCCESS,Datacenter_2,32,13.89,3.87,17.76
467,SUCCESS,Datacenter_2,32,1.04,17.76,18.8
508,SUCCESS,Datacenter_2,32,0.69,18.8,19.49
186,SUCCESS,Datacenter_0,12,18.51,2.25,20.76
3,SUCCESS,Datacenter_0,2,21.36,0.4,21.76
53,SUCCESS,Datacenter_2,35,14.28,7.54,21.82
45,SUCCESS,Datacenter_3,39,12.82,9.05,21.87
181,SUCCESS,Datacenter_2,34,16.81,5.45,22.26
72,SUCCESS,Datacenter_3,39,0.64,21.87,22.52
60,SUCCESS,Datacenter_2,35,0.71,21.82,22.54
50,SUCCESS,Datacenter_0,11,22.73,0.4,23.13
80,SUCCESS,Datacenter_3,39,0.64,22.52,23.16
29,SUCCESS,Datacenter_2,37,21.62,1.55,23.17
9,SUCCESS,Datacenter_2,38,15.03,9.8,24.83
542,SUCCESS,Datacenter_2,31,8.06,17.33,25.39
522,SUCCESS,Datacenter_2,32,6.94,19.49,26.44
151,SUCCESS,Datacenter_0,11,3.41,23.13,26.54
987,SUCCESS,Datacenter_2,31,1.21,25.39,26.6
825,SUCCESS,Datacenter_1,29,27.58,0.4,27.98
154,SUCCESS,Datacenter_0,16,13.89,14.28,28.17
113,SUCCESS,Datacenter_2,36,12.34,16.82,29.17
82,SUCCESS,Datacenter_3,39,6.41,23.16,29.57
90,SUCCESS,Datacenter_2,35,7.14,22.54,29.68
172,SUCCESS,Datacenter_2,36,0.62,29.17,29.79
179,SUCCESS,Datacenter_0,11,3.4,26.54,29.94
198,SUCCESS,Datacenter_2,34,8.4,22.26,30.66
199,SUCCESS,Datacenter_2,34,1.26,30.66,31.92
204,SUCCESS,Datacenter_0,11,2.27,29.94,32.21
10,SUCCESS,Datacenter_2,38,7.52,24.83,32.35
24,SUCCESS,Datacenter_2,38,0.75,32.35,33.1
28,SUCCESS,Datacenter_2,38,0.75,33.1,33.85
46,SUCCESS,Datacenter_2,37,10.81,23.17,33.98
96,SUCCESS,Datacenter_2,37,1.08,33.98,35.06
235,SUCCESS,Datacenter_0,11,3.41,32.21,35.62
182,SUCCESS,Datacenter_2,36,6.17,29.79,35.96
99,SUCCESS,Datacenter_2,37,1.62,35.06,36.67
102,SUCCESS,Datacenter_2,35,7.14,29.68,36.82
108,SUCCESS,Datacenter_2,37,1.08,36.67,37.75
201,SUCCESS,Datacenter_2,33,24.24,14.33,38.57
339,SUCCESS,Datacenter_0,11,3.41,35.62,39.03
382,SUCCESS,Datacenter_0,12,18.52,20.76,39.28
212,SUCCESS,Datacenter_2,33,1.21,38.57,39.79
761,SUCCESS,Datacenter_2,32,13.89,26.44,40.32
224,SUCCESS,Datacenter_2,33,1.21,39.79,40.99
931,SUCCESS,Datacenter_2,32,1.04,40.32,41.36
42,SUCCESS,Datacenter_2,38,7.62,33.85,41.47
932,SUCCESS,Datacenter_2,32,0.69,41.36,42.06
93,SUCCESS,Datacenter_3,39,12.82,29.57,42.39
363,SUCCESS,Datacenter_0,11,3.41,39.03,42.44
71,SUCCESS,Datacenter_2,38,1.12,41.47,42.6
112,SUCCESS,Datacenter_3,39,0.64,42.39,43.03
74,SUCCESS,Datacenter_0,7,35.71,9.3,45.01
193,SUCCESS,Datacenter_2,36,12.34,35.96,48.3
118,SUCCESS,Datacenter_2,37,10.81,37.75,48.56
84,SUCCESS,Datacenter_0,7,3.57,45.01,48.58
225,SUCCESS,Datacenter_2,34,16.8,31.92,48.73
613,SUCCESS,Datacenter_0,14,40.81,8.55,49.36
124,SUCCESS,Datacenter_2,37,1.08,48.56,49.63
239,SUCCESS,Datacenter_2,34,1.26,48.73,49.98
109,SUCCESS,Datacenter_2,35,14.28,36.82,51.1
287,SUCCESS,Datacenter_2,34,1.26,49.98,51.24
218,SUCCESS,Datacenter_2,36,6.17,48.3,54.47
14,SUCCESS,Datacenter_0,6,47.62,7.53,55.15
117,SUCCESS,Datacenter_3,39,12.82,43.03,55.85
361,SUCCESS,Datacenter_0,16,27.78,28.17,55.94
144,SUCCESS,Datacenter_3,39,0.64,55.85,56.49
148,SUCCESS,Datacenter_3,39,0.64,56.49,57.13
41,SUCCESS,Datacenter_0,10,57.13,0.4,57.53
85,SUCCESS,Datacenter_2,38,15.04,42.6,57.63
742,SUCCESS,Datacenter_0,12,18.52,39.28,57.8
110,SUCCESS,Datacenter_2,35,7.14,51.1,58.25
111,SUCCESS,Datacenter_2,38,1.13,57.63,58.76
156,SUCCESS,Datacenter_2,35,0.71,58.25,58.96
326,SUCCESS,Datacenter_2,34,8.4,51.24,59.64
744,SUCCESS,Datacenter_0,12,1.85,57.8,59.65
123,SUCCESS,Datacenter_2,38,1.13,58.76,59.88
49,SUCCESS,Datacenter_0,8,55.55,4.55,60.11
130,SUCCESS,Datacenter_2,37,10.81,49.63,60.44
424,SUCCESS,Datacenter_2,34,0.91,59.64,60.55
131,SUCCESS,Datacenter_2,38,1.13,59.88,61.01
864,SUCCESS,Datacenter_0,12,1.85,59.65,61.5
160,SUCCESS,Datacenter_2,37,1.08,60.44,61.52
168,SUCCESS,Datacenter_2,38,0.75,61.01,61.76
67,SUCCESS,Datacenter_0,10,4.28,57.53,61.81
447,SUCCESS,Datacenter_2,34,1.32,60.55,61.87
317,SUCCESS,Datacenter_0,13,61.53,0.4,61.93
448,SUCCESS,Datacenter_2,34,0.84,61.87,62.71
163,SUCCESS,Datacenter_2,37,1.62,61.52,63.13
451,SUCCESS,Datacenter_2,34,1.26,62.71,63.97
55,SUCCESS,Datacenter_0,8,4.16,60.11,64.27
483,SUCCESS,Datacenter_2,34,1.26,63.97,65.23
445,SUCCESS,Datacenter_2,33,24.34,40.99,65.34
519,SUCCESS,Datacenter_2,34,1.26,65.23,66.48
395,SUCCESS,Datacenter_0,13,4.61,61.93,66.54
241,SUCCESS,Datacenter_2,36,12.34,54.47,66.82
539,SUCCESS,Datacenter_2,34,1.26,66.48,67.74
149,SUCCESS,Datacenter_3,39,12.82,57.13,69.95
631,SUCCESS,Datacenter_0,13,4.62,66.54,71.16
169,SUCCESS,Datacenter_2,35,14.28,58.96,73.24
174,SUCCESS,Datacenter_3,39,6.41,69.95,76.36
221,SUCCESS,Datacenter_2,38,15.04,61.76,76.79
184,SUCCESS,Datacenter_3,39,0.64,76.36,77
502,SUCCESS,Datacenter_2,33,12.12,65.34,77.46
191,SUCCESS,Datacenter_3,39,0.96,77,77.96
192,SUCCESS,Datacenter_3,39,0.64,77.96,78.61
504,SUCCESS,Datacenter_2,33,1.21,77.46,78.67
249,SUCCESS,Datacenter_2,36,12.34,66.82,79.16
256,SUCCESS,Datacenter_2,36,0.62,79.16,79.78
894,SUCCESS,Datacenter_0,12,18.51,61.5,80.01
6,SUCCESS,Datacenter_0,5,79.97,0.4,80.37
226,SUCCESS,Datacenter_2,35,7.14,73.24,80.38
303,SUCCESS,Datacenter_2,35,1.07,80.38,81.45
368,SUCCESS,Datacenter_2,35,0.71,81.45,82.17
416,SUCCESS,Datacenter_2,35,0.71,82.17,82.88
428,SUCCESS,Datacenter_2,35,0.71,82.88,83.6
553,SUCCESS,Datacenter_2,34,16.8,67.74,84.55
177,SUCCESS,Datacenter_2,37,21.62,63.13,84.75
214,SUCCESS,Datacenter_3,39,6.41,78.61,85.02
223,SUCCESS,Datacenter_3,39,0.96,85.02,85.98
497,SUCCESS,Datacenter_0,11,45.45,42.44,87.89
5,SUCCESS,Datacenter_0,9,88.87,0.4,89.27
636,SUCCESS,Datacenter_0,11,2.26,87.89,90.16
709,SUCCESS,Datacenter_0,14,40.91,49.36,90.27
237,SUCCESS,Datacenter_2,38,15.04,76.79,91.83
86,SUCCESS,Datacenter_0,8,27.76,64.27,92.03
269,SUCCESS,Datacenter_2,36,12.34,79.78,92.12
59,SUCCESS,Datacenter_0,5,11.98,80.37,92.35
292,SUCCESS,Datacenter_2,36,0.62,92.12,92.74
251,SUCCESS,Datacenter_2,38,1.12,91.83,92.95
255,SUCCESS,Datacenter_2,38,1.13,92.95,94.08
178,SUCCESS,Datacenter_2,37,10.81,84.75,95.56
196,SUCCESS,Datacenter_2,37,1.08,95.56,96.64
653,SUCCESS,Datacenter_2,35,14.28,83.6,97.88
926,SUCCESS,Datacenter_0,12,18.52,80.01,98.53
233,SUCCESS,Datacenter_3,39,12.82,85.98,98.8
294,SUCCESS,Datacenter_2,36,6.17,92.74,98.91
240,SUCCESS,Datacenter_3,39,0.64,98.8,99.44
379,SUCCESS,Datacenter_2,36,0.93,98.91,99.84
384,SUCCESS,Datacenter_2,36,0.62,99.84,100.46
621,SUCCESS,Datacenter_2,34,16.81,84.55,101.35
640,SUCCESS,Datacenter_2,34,0.84,101.35,102.19
701,SUCCESS,Datacenter_2,33,24.24,78.67,102.91
79,SUCCESS,Datacenter_0,5,11.98,92.35,104.33
851,SUCCESS,Datacenter_2,33,1.82,102.91,104.72
658,SUCCESS,Datacenter_2,35,7.14,97.88,105.02
258,SUCCESS,Datacenter_3,39,6.41,99.44,105.85
260,SUCCESS,Datacenter_3,39,0.64,105.85,106.49
414,SUCCESS,Datacenter_2,36,6.17,100.46,106.63
268,SUCCESS,Datacenter_3,39,0.64,106.49,107.13
291,SUCCESS,Datacenter_3,39,0.96,107.13,108.09
265,SUCCESS,Datacenter_2,38,15.04,94.08,109.12
276,SUCCESS,Datacenter_2,38,0.75,109.12,109.87
682,SUCCESS,Datacenter_2,34,8.4,102.19,110.59
1,SUCCESS,Datacenter_0,4,111.1,0.4,111.5
670,SUCCESS,Datacenter_2,35,7.14,105.02,112.16
678,SUCCESS,Datacenter_0,11,22.72,90.16,112.88
302,SUCCESS,Datacenter_3,39,6.41,108.09,114.5
319,SUCCESS,Datacenter_3,39,0.96,114.5,115.46
922,SUCCESS,Datacenter_2,33,12.12,104.72,116.85
278,SUCCESS,Datacenter_2,38,7.52,109.87,117.39
968,SUCCESS,Datacenter_2,33,1.21,116.85,118.05
209,SUCCESS,Datacenter_2,37,21.62,96.64,118.26
69,SUCCESS,Datacenter_0,10,57.14,61.81,118.95
417,SUCCESS,Datacenter_2,36,12.34,106.63,118.97
778,SUCCESS,Datacenter_2,34,8.49,110.59,119.08
722,SUCCESS,Datacenter_2,35,7.14,112.16,119.3
236,SUCCESS,Datacenter_2,37,1.15,118.26,119.41
98,SUCCESS,Datacenter_0,8,27.77,92.03,119.8
19,SUCCESS,Datacenter_0,4,8.42,111.5,119.91
724,SUCCESS,Datacenter_2,35,0.71,119.3,120.01
89,SUCCESS,Datacenter_0,7,71.44,48.58,120.02
728,SUCCESS,Datacenter_2,35,0.71,120.01,120.73
247,SUCCESS,Datacenter_2,37,1.62,119.41,121.03
863,SUCCESS,Datacenter_2,35,1.07,120.73,121.8
107,SUCCESS,Datacenter_0,10,4.28,118.95,123.23
282,SUCCESS,Datacenter_2,38,7.52,117.39,124.9
418,SUCCESS,Datacenter_2,36,6.17,118.97,125.14
32,SUCCESS,Datacenter_0,4,5.55,119.91,125.46
443,SUCCESS,Datacenter_2,36,0.93,125.14,126.07
120,SUCCESS,Datacenter_0,10,2.85,123.23,126.09
818,SUCCESS,Datacenter_2,34,8.4,119.08,127.48
321,SUCCESS,Datacenter_3,39,12.82,115.46,128.28
324,SUCCESS,Datacenter_3,39,0.64,128.28,128.93
918,SUCCESS,Datacenter_2,35,7.14,121.8,128.94
152,SUCCESS,Datacenter_0,10,2.86,126.09,128.94
327,SUCCESS,Datacenter_3,39,0.96,128.93,129.89
286,SUCCESS,Datacenter_2,38,7.52,124.9,132.42
299,SUCCESS,Datacenter_2,38,1.13,132.42,133.55
51,SUCCESS,Datacenter_0,4,8.32,125.46,133.78
311,SUCCESS,Datacenter_2,38,1.13,133.55,134.68
714,SUCCESS,Datacenter_0,11,22.72,112.88,135.61
323,SUCCESS,Datacenter_2,38,1.13,134.68,135.8
830,SUCCESS,Datacenter_2,34,8.44,127.48,135.91
330,SUCCESS,Datacenter_3,39,6.41,129.89,136.3
371,SUCCESS,Datacenter_2,38,1.13,135.8,136.93
343,SUCCESS,Datacenter_3,39,0.96,136.3,137.26
888,SUCCESS,Datacenter_0,11,2.27,135.61,137.88
449,SUCCESS,Datacenter_2,36,12.34,126.07,138.41
305,SUCCESS,Datacenter_2,37,21.62,121.03,142.65
965,SUCCESS,Datacenter_2,35,14.28,128.94,143.22
346,SUCCESS,Datacenter_3,39,6.41,137.26,143.67
422,SUCCESS,Datacenter_2,38,7.52,136.93,144.45
351,SUCCESS,Datacenter_3,39,0.96,143.67,144.63
427,SUCCESS,Datacenter_2,38,1.13,144.45,145.57
432,SUCCESS,Datacenter_2,38,0.75,145.57,146.33
468,SUCCESS,Datacenter_2,38,0.75,146.33,147.08
25,SUCCESS,Datacenter_0,6,95.23,55.15,150.38
473,SUCCESS,Datacenter_2,36,12.35,138.41,150.76
358,SUCCESS,Datacenter_3,39,6.41,144.63,151.04
359,SUCCESS,Datacenter_3,39,0.96,151.04,152
881,SUCCESS,Datacenter_2,34,16.8,135.91,152.72
367,SUCCESS,Datacenter_3,39,0.96,152,152.96
322,SUCCESS,Datacenter_2,37,10.81,142.65,153.46
956,SUCCESS,Datacenter_2,34,0.85,152.72,153.57
331,SUCCESS,Datacenter_2,37,1.62,153.46,155.08
355,SUCCESS,Datacenter_2,37,1.62,155.08,156.7
950,SUCCESS,Datacenter_0,11,22.73,137.88,160.61
469,SUCCESS,Datacenter_2,38,15.04,147.08,162.11
488,SUCCESS,Datacenter_2,38,0.75,162.11,162.86
477,SUCCESS,Datacenter_2,36,12.35,150.76,163.1
540,SUCCESS,Datacenter_2,36,0.62,163.1,163.72
491,SUCCESS,Datacenter_2,38,1.13,162.86,163.99
951,SUCCESS,Datacenter_0,11,3.41,160.61,164.01
544,SUCCESS,Datacenter_2,36,0.62,163.72,164.34
572,SUCCESS,Datacenter_2,38,0.75,163.99,164.74
377,SUCCESS,Datacenter_3,39,12.82,152.96,165.78
611,SUCCESS,Datacenter_2,38,1.13,164.74,165.87
616,SUCCESS,Datacenter_2,38,0.75,165.87,166.62
366,SUCCESS,Datacenter_2,37,10.81,156.7,167.51
627,SUCCESS,Datacenter_2,38,1.13,166.62,167.75
372,SUCCESS,Datacenter_2,37,1.08,167.51,168.59
383,SUCCESS,Datacenter_2,37,1.62,168.59,170.21
977,SUCCESS,Datacenter_2,34,16.8,153.57,170.37
105,SUCCESS,Datacenter_0,8,55.55,119.8,175.35
545,SUCCESS,Datacenter_2,36,12.34,164.34,176.68
13,SUCCESS,Datacenter_0,9,88.88,89.27,178.15
405,SUCCESS,Datacenter_3,39,12.82,165.78,178.61
408,SUCCESS,Datacenter_3,39,0.64,178.61,179.25
119,SUCCESS,Datacenter_0,8,4.16,175.35,179.51
435,SUCCESS,Datacenter_3,39,0.96,179.25,180.21
386,SUCCESS,Datacenter_2,37,10.81,170.21,181.02
128,SUCCESS,Datacenter_0,8,2.78,179.51,182.29
645,SUCCESS,Datacenter_2,38,15.03,167.75,182.78
37,SUCCESS,Datacenter_0,3,166.63,17.03,183.66
687,SUCCESS,Datacenter_2,38,1.13,182.78,183.91
153,SUCCESS,Datacenter_0,10,57.13,128.94,186.08
188,SUCCESS,Datacenter_0,10,2.86,186.08,188.93
577,SUCCESS,Datacenter_2,36,12.34,176.68,189.02
70,SUCCESS,Datacenter_0,4,55.55,133.78,189.32
703,SUCCESS,Datacenter_2,36,0.93,189.02,189.95
711,SUCCESS,Datacenter_2,36,0.93,189.95,190.88
97,SUCCESS,Datacenter_0,7,71.43,120.02,191.45
437,SUCCESS,Datacenter_3,39,12.82,180.21,193.03
116,SUCCESS,Datacenter_0,7,3.57,191.45,195.02
91,SUCCESS,Datacenter_0,3,12.48,183.66,196.14
75,SUCCESS,Datacenter_0,4,8.32,189.32,197.64
713,SUCCESS,Datacenter_2,38,15.04,183.91,198.95
389,SUCCESS,Datacenter_2,37,21.62,181.02,202.63
745,SUCCESS,Datacenter_2,36,12.34,190.88,203.22
819,SUCCESS,Datacenter_2,36,0.93,203.22,204.15
465,SUCCESS,Datacenter_3,39,12.82,193.03,205.85
83,SUCCESS,Datacenter_0,4,8.33,197.64,205.98
754,SUCCESS,Datacenter_2,38,7.52,198.95,206.47
479,SUCCESS,Datacenter_3,39,0.96,205.85,206.81
492,SUCCESS,Datacenter_3,39,0.64,206.81,207.45
496,SUCCESS,Datacenter_3,39,0.64,207.45,208.09
985,SUCCESS,Datacenter_0,11,45.45,164.01,209.47
142,SUCCESS,Datacenter_0,8,27.78,182.29,210.06
866,SUCCESS,Datacenter_2,36,6.17,204.15,210.32
164,SUCCESS,Datacenter_0,8,2.78,210.06,212.84
782,SUCCESS,Datacenter_2,38,7.52,206.47,213.98
87,SUCCESS,Datacenter_0,4,8.31,205.98,214.28
506,SUCCESS,Datacenter_3,39,6.41,208.09,214.5
516,SUCCESS,Datacenter_3,39,0.64,214.5,215.14
536,SUCCESS,Datacenter_3,39,0.64,215.14,215.78
543,SUCCESS,Datacenter_3,39,0.96,215.78,216.75
211,SUCCESS,Datacenter_0,8,4.17,212.84,217.01
552,SUCCESS,Datacenter_3,39,0.64,216.75,217.39
246,SUCCESS,Datacenter_0,10,28.56,188.93,217.49
564,SUCCESS,Datacenter_3,39,0.64,217.39,218.03
215,SUCCESS,Datacenter_0,8,4.17,217.01,221.17
22,SUCCESS,Datacenter_0,9,44.43,178.15,222.57
893,SUCCESS,Datacenter_2,36,12.34,210.32,222.66
216,SUCCESS,Datacenter_0,8,2.78,221.17,223.95
393,SUCCESS,Datacenter_2,37,21.62,202.63,224.25
570,SUCCESS,Datacenter_3,39,6.41,218.03,224.44
580,SUCCESS,Datacenter_3,39,0.64,224.44,225.08
587,SUCCESS,Datacenter_3,39,0.96,225.08,226.04
592,SUCCESS,Datacenter_3,39,0.64,226.04,226.68
789,SUCCESS,Datacenter_2,38,15.04,213.98,229.02
138,SUCCESS,Datacenter_0,7,35.7,195.02,230.72
917,SUCCESS,Datacenter_2,36,12.34,222.66,235.01
398,SUCCESS,Datacenter_2,37,10.86,224.25,235.12
923,SUCCESS,Datacenter_2,36,0.92,235.01,235.93
139,SUCCESS,Datacenter_0,7,5.36,230.72,236.07
790,SUCCESS,Datacenter_2,38,7.52,229.02,236.54
927,SUCCESS,Datacenter_2,36,0.92,235.93,236.85
972,SUCCESS,Datacenter_2,36,0.62,236.85,237.47
815,SUCCESS,Datacenter_2,38,1.13,236.54,237.66
832,SUCCESS,Datacenter_2,38,0.75,237.66,238.42
593,SUCCESS,Datacenter_3,39,12.82,226.68,239.5
835,SUCCESS,Datacenter_2,38,1.13,238.42,239.54
147,SUCCESS,Datacenter_0,7,5.36,236.07,241.43
986,SUCCESS,Datacenter_2,36,6.17,237.47,243.64
996,SUCCESS,Datacenter_2,36,0.62,243.64,244.26
33,SUCCESS,Datacenter_0,6,95.22,150.38,245.6
622,SUCCESS,Datacenter_3,39,6.41,239.5,245.91
370,SUCCESS,Datacenter_0,10,28.56,217.49,246.05
338,SUCCESS,Datacenter_0,8,27.77,223.95,251.72
702,SUCCESS,Datacenter_3,39,6.41,245.91,252.32
736,SUCCESS,Datacenter_3,39,0.64,252.32,252.96
352,SUCCESS,Datacenter_0,8,2.78,251.72,254.5
837,SUCCESS,Datacenter_2,38,15.04,239.54,254.58
856,SUCCESS,Datacenter_2,38,0.75,254.58,255.33
860,SUCCESS,Datacenter_2,38,0.75,255.33,256.08
453,SUCCESS,Datacenter_2,37,21.62,235.12,256.74
463,SUCCESS,Datacenter_2,37,1.62,256.74,258.36
750,SUCCESS,Datacenter_3,39,6.41,252.96,259.37
756,SUCCESS,Datacenter_3,39,0.64,259.37,260.02
779,SUCCESS,Datacenter_3,39,0.96,260.02,260.98
780,SUCCESS,Datacenter_3,39,0.64,260.98,261.62
914,SUCCESS,Datacenter_2,38,7.52,256.08,263.6
81,SUCCESS,Datacenter_0,5,159.97,104.33,264.3
30,SUCCESS,Datacenter_0,9,44.44,222.57,267.01
126,SUCCESS,Datacenter_0,4,55.53,214.28,269.82
966,SUCCESS,Datacenter_2,38,7.52,263.6,271.12
44,SUCCESS,Datacenter_0,9,4.43,267.01,271.44
967,SUCCESS,Datacenter_2,38,1.13,271.12,272.25
104,SUCCESS,Datacenter_0,5,7.98,264.3,272.28
809,SUCCESS,Datacenter_3,39,12.82,261.62,274.44
394,SUCCESS,Datacenter_0,10,28.57,246.05,274.62
439,SUCCESS,Datacenter_0,10,4.29,274.62,278.91
94,SUCCESS,Datacenter_0,3,83.3,196.14,279.45
974,SUCCESS,Datacenter_2,38,7.52,272.25,279.76
481,SUCCESS,Datacenter_2,37,21.62,258.36,279.97
846,SUCCESS,Datacenter_3,39,6.41,274.44,280.85
983,SUCCESS,Datacenter_2,38,1.12,279.76,280.89
452,SUCCESS,Datacenter_0,10,2.86,278.91,281.76
875,SUCCESS,Datacenter_3,39,0.96,280.85,281.81
511,SUCCESS,Datacenter_0,10,4.29,281.76,286.05
524,SUCCESS,Datacenter_0,10,2.86,286.05,288.9
595,SUCCESS,Datacenter_0,10,4.29,288.9,293.19
34,SUCCESS,Datacenter_0,6,47.7,245.6,293.3
877,SUCCESS,Datacenter_3,39,12.82,281.81,294.63
993,SUCCESS,Datacenter_2,38,15.04,280.89,295.93
68,SUCCESS,Datacenter_0,6,4.76,293.3,298.06
489,SUCCESS,Datacenter_2,37,21.62,279.97,301.6
507,SUCCESS,Datacenter_2,37,1.62,301.6,303.22
515,SUCCESS,Datacenter_2,37,1.62,303.22,304.84
21,SUCCESS,Datacenter_0,2,285.66,21.76,307.42
889,SUCCESS,Datacenter_3,39,12.82,294.63,307.45
397,SUCCESS,Datacenter_0,8,55.55,254.5,310.04
157,SUCCESS,Datacenter_0,7,71.42,241.43,312.85
902,SUCCESS,Datacenter_3,39,6.41,307.45,313.86
526,SUCCESS,Datacenter_2,37,10.81,304.84,315.65
78,SUCCESS,Datacenter_0,9,44.43,271.44,315.87
143,SUCCESS,Datacenter_0,9,6.67,315.87,322.54
909,SUCCESS,Datacenter_3,39,12.82,313.86,326.68
919,SUCCESS,Datacenter_3,39,0.96,326.68,327.64
935,SUCCESS,Datacenter_3,39,0.96,327.64,328.61
35,SUCCESS,Datacenter_0,2,21.4,307.42,328.82
187,SUCCESS,Datacenter_0,9,6.66,322.54,329.2
979,SUCCESS,Datacenter_3,39,0.96,328.61,329.57
995,SUCCESS,Datacenter_3,39,0.96,329.57,330.53
529,SUCCESS,Datacenter_2,37,21.62,315.65,337.27
548,SUCCESS,Datacenter_2,37,1.08,337.27,338.35
39,SUCCESS,Datacenter_0,2,21.38,328.82,350.2
677,SUCCESS,Datacenter_0,10,57.14,293.19,350.33
114,SUCCESS,Datacenter_0,5,79.97,272.28,352.25
569,SUCCESS,Datacenter_2,37,21.62,338.35,359.97
48,SUCCESS,Datacenter_0,2,14.26,350.2,364.46
401,SUCCESS,Datacenter_0,8,55.54,310.04,365.59
407,SUCCESS,Datacenter_0,8,4.17,365.59,369.76
436,SUCCESS,Datacenter_0,8,2.78,369.76,372.53
440,SUCCESS,Datacenter_0,8,2.78,372.53,375.31
460,SUCCESS,Datacenter_0,8,2.78,375.31,378.09
173,SUCCESS,Datacenter_0,4,111.11,269.82,380.92
605,SUCCESS,Datacenter_2,37,21.62,359.97,381.6
213,SUCCESS,Datacenter_0,7,71.41,312.85,384.26
219,SUCCESS,Datacenter_0,7,5.36,384.26,389.62
77,SUCCESS,Datacenter_0,6,95.22,298.06,393.28
100,SUCCESS,Datacenter_0,6,4.76,393.28,398.05
617,SUCCESS,Datacenter_2,37,21.62,381.6,403.22
628,SUCCESS,Datacenter_2,37,1.08,403.22,404.3
478,SUCCESS,Datacenter_0,8,27.78,378.09,405.87
705,SUCCESS,Datacenter_0,10,57.14,350.33,407.47
715,SUCCESS,Datacenter_0,10,4.29,407.47,411.75
634,SUCCESS,Datacenter_2,37,10.81,404.3,415.11
803,SUCCESS,Datacenter_0,10,4.29,411.75,416.04
189,SUCCESS,Datacenter_0,9,88.88,329.2,418.08
871,SUCCESS,Datacenter_0,10,4.27,416.04,420.31
200,SUCCESS,Datacenter_0,9,4.43,418.08,422.51
900,SUCCESS,Datacenter_0,10,2.86,420.31,423.17
234,SUCCESS,Datacenter_0,7,35.71,389.62,425.33
666,SUCCESS,Datacenter_2,37,10.81,415.11,425.92
232,SUCCESS,Datacenter_0,9,4.44,422.51,426.95
122,SUCCESS,Datacenter_0,5,79.98,352.25,432.23
190,SUCCESS,Datacenter_0,4,55.53,380.92,436.45
758,SUCCESS,Datacenter_2,37,10.81,425.92,436.73
776,SUCCESS,Datacenter_2,37,1.08,436.73,437.81
799,SUCCESS,Datacenter_2,37,1.62,437.81,439.43
220,SUCCESS,Datacenter_0,4,5.56,436.45,442.01
106,SUCCESS,Datacenter_0,6,47.6,398.05,445.65
101,SUCCESS,Datacenter_0,3,166.66,279.45,446.11
254,SUCCESS,Datacenter_0,7,35.71,425.33,461.04
829,SUCCESS,Datacenter_2,37,21.62,439.43,461.06
493,SUCCESS,Datacenter_0,8,55.55,405.87,461.41
840,SUCCESS,Datacenter_2,37,1.08,461.06,462.14
865,SUCCESS,Datacenter_2,37,21.62,462.14,483.76
222,SUCCESS,Datacenter_0,4,55.54,442.01,497.55
248,SUCCESS,Datacenter_0,4,5.56,497.55,503.11
873,SUCCESS,Datacenter_2,37,21.62,483.76,505.38
54,SUCCESS,Datacenter_0,2,142.79,364.46,507.25
134,SUCCESS,Datacenter_0,5,79.98,432.23,512.21
245,SUCCESS,Datacenter_0,9,88.88,426.95,515.83
890,SUCCESS,Datacenter_2,37,10.81,505.38,516.19
521,SUCCESS,Datacenter_0,8,55.54,461.41,516.96
895,SUCCESS,Datacenter_2,37,1.62,516.19,517.81
904,SUCCESS,Datacenter_2,37,1.08,517.81,518.89
928,SUCCESS,Datacenter_2,37,1.08,518.89,519.97
300,SUCCESS,Datacenter_0,9,4.44,515.83,520.27
64,SUCCESS,Datacenter_0,2,14.23,507.25,521.48
939,SUCCESS,Datacenter_2,37,1.62,519.97,521.6
954,SUCCESS,Datacenter_2,37,10.81,521.6,532.41
257,SUCCESS,Datacenter_0,7,71.43,461.04,532.47
271,SUCCESS,Datacenter_0,7,5.36,532.47,537.82
133,SUCCESS,Datacenter_0,6,95.22,445.65,540.87
136,SUCCESS,Datacenter_0,6,4.76,540.87,545.63
957,SUCCESS,Datacenter_2,37,21.62,532.41,554.03
270,SUCCESS,Datacenter_0,4,55.55,503.11,558.66
284,SUCCESS,Datacenter_0,4,5.56,558.66,564.22
970,SUCCESS,Datacenter_2,37,10.81,554.03,564.84
533,SUCCESS,Datacenter_0,8,55.55,516.96,572.51
997,SUCCESS,Datacenter_2,37,21.62,564.84,586.46
146,SUCCESS,Datacenter_0,5,79.98,512.21,592.19
353,SUCCESS,Datacenter_0,9,88.87,520.27,609.14
277,SUCCESS,Datacenter_0,7,71.43,537.82,609.25
121,SUCCESS,Datacenter_0,3,166.64,446.11,612.75
288,SUCCESS,Datacenter_0,7,3.61,609.25,612.86
290,SUCCESS,Datacenter_0,4,55.54,564.22,619.75
537,SUCCESS,Datacenter_0,8,55.55,572.51,628.06
145,SUCCESS,Datacenter_0,6,95.23,545.63,640.87
298,SUCCESS,Datacenter_0,7,35.7,612.86,648.56
546,SUCCESS,Datacenter_0,8,27.77,628.06,655.83
158,SUCCESS,Datacenter_0,5,80,592.19,672.19
554,SUCCESS,Datacenter_0,8,27.78,655.83,683.6
310,SUCCESS,Datacenter_0,7,35.7,648.56,684.26
369,SUCCESS,Datacenter_0,9,88.88,609.14,698.02
376,SUCCESS,Datacenter_0,9,4.44,698.02,702.46
566,SUCCESS,Datacenter_0,8,27.78,683.6,711.38
345,SUCCESS,Datacenter_0,4,111.1,619.75,730.85
185,SUCCESS,Datacenter_0,6,95.22,640.87,736.09
574,SUCCESS,Datacenter_0,8,27.77,711.38,739.15
208,SUCCESS,Datacenter_0,6,4.75,736.09,740.84
591,SUCCESS,Datacenter_0,8,4.16,739.15,743.31
442,SUCCESS,Datacenter_0,9,44.42,702.46,746.89
619,SUCCESS,Datacenter_0,8,4.16,743.31,747.47
166,SUCCESS,Datacenter_0,5,79.96,672.19,752.15
333,SUCCESS,Datacenter_0,7,71.42,684.26,755.69
125,SUCCESS,Datacenter_0,3,166.64,612.75,779.39
350,SUCCESS,Datacenter_0,4,55.54,730.85,786.39
446,SUCCESS,Datacenter_0,9,44.44,746.89,791.33
127,SUCCESS,Datacenter_0,3,12.47,779.39,791.87
17,SUCCESS,Datacenter_0,1,799.87,0.4,800.27
629,SUCCESS,Datacenter_0,8,55.55,747.47,803.02
65,SUCCESS,Datacenter_0,2,285.68,521.48,807.16
92,SUCCESS,Datacenter_0,2,14.29,807.16,821.45
357,SUCCESS,Datacenter_0,7,71.42,755.69,827.11
194,SUCCESS,Datacenter_0,5,80,752.15,832.15
375,SUCCESS,Datacenter_0,7,5.34,827.11,832.45
132,SUCCESS,Datacenter_0,2,14.22,821.45,835.67
470,SUCCESS,Datacenter_0,9,44.45,791.33,835.78
217,SUCCESS,Datacenter_0,6,95.23,740.84,836.06
354,SUCCESS,Datacenter_0,4,55.53,786.39,841.92
475,SUCCESS,Datacenter_0,9,6.66,835.78,842.43
227,SUCCESS,Datacenter_0,6,7.13,836.06,843.2
140,SUCCESS,Datacenter_0,2,14.24,835.67,849.91
267,SUCCESS,Datacenter_0,6,7.14,843.2,850.34
280,SUCCESS,Datacenter_0,6,4.76,850.34,855.1
637,SUCCESS,Datacenter_0,8,55.55,803.02,858.57
688,SUCCESS,Datacenter_0,8,2.78,858.57,861.35
378,SUCCESS,Datacenter_0,7,35.7,832.45,868.15
167,SUCCESS,Datacenter_0,2,21.39,849.91,871.3
380,SUCCESS,Datacenter_0,7,3.57,868.15,871.73
391,SUCCESS,Datacenter_0,7,5.36,871.73,877.08
400,SUCCESS,Datacenter_0,7,3.57,877.08,880.65
486,SUCCESS,Datacenter_0,9,44.44,842.43,886.88
690,SUCCESS,Datacenter_0,8,27.78,861.35,889.13
707,SUCCESS,Datacenter_0,8,4.17,889.13,893.29
712,SUCCESS,Datacenter_0,8,2.78,893.29,896.07
202,SUCCESS,Datacenter_0,5,79.96,832.15,912.11
406,SUCCESS,Datacenter_0,7,35.71,880.65,916.36
228,SUCCESS,Datacenter_0,5,7.97,912.11,920.08
252,SUCCESS,Datacenter_0,5,8,920.08,928.08
490,SUCCESS,Datacenter_0,9,44.43,886.88,931.3
285,SUCCESS,Datacenter_0,6,95.23,855.1,950.33
725,SUCCESS,Datacenter_0,8,55.55,896.07,951.62
365,SUCCESS,Datacenter_0,4,111.08,841.92,953.01
732,SUCCESS,Datacenter_0,8,2.78,951.62,954.4
129,SUCCESS,Datacenter_0,3,166.65,791.87,958.52
767,SUCCESS,Datacenter_0,8,4.24,954.4,958.63
425,SUCCESS,Datacenter_0,7,71.41,916.36,987.77
464,SUCCESS,Datacenter_0,7,3.57,987.77,991.35
402,SUCCESS,Datacenter_0,4,55.53,953.01,1008.54
170,SUCCESS,Datacenter_0,2,142.81,871.3,1014.11
793,SUCCESS,Datacenter_0,8,55.59,958.63,1014.22
411,SUCCESS,Datacenter_0,4,8.32,1008.54,1016.86
804,SUCCESS,Datacenter_0,8,2.78,1014.22,1017
565,SUCCESS,Datacenter_0,9,88.87,931.3,1020.18
823,SUCCESS,Datacenter_0,8,4.16,1017,1021.16
420,SUCCESS,Datacenter_0,4,5.55,1016.86,1022.41
180,SUCCESS,Datacenter_0,2,14.23,1014.11,1028.34
289,SUCCESS,Datacenter_0,6,95.23,950.33,1045.56
509,SUCCESS,Datacenter_0,7,71.42,991.35,1062.77
598,SUCCESS,Datacenter_0,9,44.44,1020.18,1064.62
528,SUCCESS,Datacenter_0,7,3.56,1062.77,1066.33
612,SUCCESS,Datacenter_0,9,4.43,1064.62,1069.04
535,SUCCESS,Datacenter_0,7,5.35,1066.33,1071.68
576,SUCCESS,Datacenter_0,7,3.57,1071.68,1075.26
941,SUCCESS,Datacenter_0,8,55.55,1021.16,1076.71
426,SUCCESS,Datacenter_0,4,55.55,1022.41,1077.96
944,SUCCESS,Datacenter_0,8,2.78,1076.71,1079.49
947,SUCCESS,Datacenter_0,8,4.17,1079.49,1083.66
955,SUCCESS,Datacenter_0,8,4.17,1083.66,1087.82
253,SUCCESS,Datacenter_0,5,159.98,928.08,1088.06
959,SUCCESS,Datacenter_0,8,4.16,1087.82,1091.98
279,SUCCESS,Datacenter_0,5,12,1088.06,1100.06
582,SUCCESS,Datacenter_0,7,35.7,1075.26,1110.95
295,SUCCESS,Datacenter_0,5,11.97,1100.06,1112.03
698,SUCCESS,Datacenter_0,9,44.44,1069.04,1113.48
962,SUCCESS,Datacenter_0,8,27.78,1091.98,1119.76
296,SUCCESS,Datacenter_0,5,7.96,1112.03,1120
980,SUCCESS,Datacenter_0,8,2.77,1119.76,1122.52
137,SUCCESS,Datacenter_0,3,166.63,958.52,1125.15
999,SUCCESS,Datacenter_0,8,4.17,1122.52,1126.69
325,SUCCESS,Datacenter_0,6,95.23,1045.56,1140.79
585,SUCCESS,Datacenter_0,7,71.42,1110.95,1182.38
433,SUCCESS,Datacenter_0,4,111.11,1077.96,1189.07
741,SUCCESS,Datacenter_0,9,88.88,1113.48,1202.36
150,SUCCESS,Datacenter_0,3,83.29,1125.15,1208.44
751,SUCCESS,Datacenter_0,9,6.66,1202.36,1209.02
176,SUCCESS,Datacenter_0,3,8.33,1208.44,1216.77
590,SUCCESS,Datacenter_0,7,35.7,1182.38,1218.07
600,SUCCESS,Datacenter_0,7,3.57,1218.07,1221.64
603,SUCCESS,Datacenter_0,7,5.36,1221.64,1227
183,SUCCESS,Datacenter_0,3,12.48,1216.77,1229.25
329,SUCCESS,Datacenter_0,6,95.23,1140.79,1236.01
332,SUCCESS,Datacenter_0,6,4.76,1236.01,1240.78
438,SUCCESS,Datacenter_0,4,55.54,1189.07,1244.61
335,SUCCESS,Datacenter_0,6,7.14,1240.78,1247.92
336,SUCCESS,Datacenter_0,6,4.76,1247.92,1252.68
646,SUCCESS,Datacenter_0,7,35.71,1227,1262.72
648,SUCCESS,Datacenter_0,7,3.57,1262.72,1266.29
301,SUCCESS,Datacenter_0,5,159.97,1120,1279.97
757,SUCCESS,Datacenter_0,9,88.88,1209.02,1297.9
462,SUCCESS,Datacenter_0,4,55.54,1244.61,1300.15
362,SUCCESS,Datacenter_0,6,47.61,1252.68,1300.29
472,SUCCESS,Datacenter_0,4,5.53,1300.15,1305.68
480,SUCCESS,Datacenter_0,4,5.56,1305.68,1311.24
210,SUCCESS,Datacenter_0,3,83.32,1229.25,1312.57
205,SUCCESS,Datacenter_0,2,285.66,1028.34,1314
244,SUCCESS,Datacenter_0,3,8.3,1312.57,1320.88
259,SUCCESS,Datacenter_0,3,12.5,1320.88,1333.38
657,SUCCESS,Datacenter_0,7,71.43,1266.29,1337.71
762,SUCCESS,Datacenter_0,9,44.44,1297.9,1342.34
659,SUCCESS,Datacenter_0,7,5.35,1337.71,1343.07
668,SUCCESS,Datacenter_0,7,3.57,1343.07,1346.64
306,SUCCESS,Datacenter_0,5,79.99,1279.97,1359.96
514,SUCCESS,Datacenter_0,4,55.56,1311.24,1366.79
551,SUCCESS,Datacenter_0,4,8.33,1366.79,1375.13
385,SUCCESS,Datacenter_0,6,95.24,1300.29,1395.53
419,SUCCESS,Datacenter_0,6,7.14,1395.53,1402.67
262,SUCCESS,Datacenter_0,3,83.3,1333.38,1416.67
669,SUCCESS,Datacenter_0,7,71.43,1346.64,1418.07
672,SUCCESS,Datacenter_0,7,3.57,1418.07,1421.64
708,SUCCESS,Datacenter_0,7,3.57,1421.64,1425.21
869,SUCCESS,Datacenter_0,9,88.87,1342.34,1431.21
474,SUCCESS,Datacenter_0,6,47.61,1402.67,1450.28
206,SUCCESS,Datacenter_0,2,142.85,1314,1456.85
499,SUCCESS,Datacenter_0,6,7.14,1450.28,1457.42
207,SUCCESS,Datacenter_0,2,21.43,1456.85,1478.28
557,SUCCESS,Datacenter_0,4,111.1,1375.13,1486.23
717,SUCCESS,Datacenter_0,7,71.43,1425.21,1496.64
231,SUCCESS,Datacenter_0,2,21.43,1478.28,1499.71
313,SUCCESS,Datacenter_0,5,159.99,1359.96,1519.95
885,SUCCESS,Datacenter_0,9,88.87,1431.21,1520.08
315,SUCCESS,Datacenter_0,5,11.97,1519.95,1531.92
328,SUCCESS,Datacenter_0,5,8,1531.92,1539.92
558,SUCCESS,Datacenter_0,4,55.53,1486.23,1541.75
579,SUCCESS,Datacenter_0,4,8.33,1541.75,1550.09
513,SUCCESS,Datacenter_0,6,95.24,1457.42,1552.66
584,SUCCESS,Datacenter_0,4,5.54,1550.09,1555.63
729,SUCCESS,Datacenter_0,7,71.42,1496.64,1568.06
273,SUCCESS,Datacenter_0,3,166.64,1416.67,1583.31
57,SUCCESS,Datacenter_0,1,799.84,800.27,1600.11
734,SUCCESS,Datacenter_0,7,35.71,1568.06,1603.77
921,SUCCESS,Datacenter_0,9,88.87,1520.08,1608.95
242,SUCCESS,Datacenter_0,2,142.81,1499.71,1642.52
517,SUCCESS,Datacenter_0,6,95.22,1552.66,1647.88
263,SUCCESS,Datacenter_0,2,21.43,1642.52,1663.95
314,SUCCESS,Datacenter_0,3,83.31,1583.31,1666.62
589,SUCCESS,Datacenter_0,4,111.09,1555.63,1666.73
604,SUCCESS,Datacenter_0,4,5.56,1666.73,1672.28
737,SUCCESS,Datacenter_0,7,71.42,1603.77,1675.19
518,SUCCESS,Datacenter_0,6,47.6,1647.88,1695.48
937,SUCCESS,Datacenter_0,9,88.89,1608.95,1697.83
341,SUCCESS,Datacenter_0,5,159.99,1539.92,1699.91
948,SUCCESS,Datacenter_0,9,4.44,1697.83,1702.27
738,SUCCESS,Datacenter_0,7,35.7,1675.19,1710.89
740,SUCCESS,Datacenter_0,7,3.57,1710.89,1714.47
763,SUCCESS,Datacenter_0,7,5.36,1714.47,1719.82
764,SUCCESS,Datacenter_0,7,3.57,1719.82,1723.39
614,SUCCESS,Datacenter_0,4,55.53,1672.28,1727.81
342,SUCCESS,Datacenter_0,3,83.32,1666.62,1749.94
344,SUCCESS,Datacenter_0,3,8.33,1749.94,1758.27
348,SUCCESS,Datacenter_0,3,8.33,1758.27,1766.6
364,SUCCESS,Datacenter_0,3,8.33,1766.6,1774.94
392,SUCCESS,Datacenter_0,3,8.33,1774.94,1783.27
642,SUCCESS,Datacenter_0,4,55.57,1727.81,1783.38
525,SUCCESS,Datacenter_0,6,95.23,1695.48,1790.71
765,SUCCESS,Datacenter_0,7,71.43,1723.39,1794.82
274,SUCCESS,Datacenter_0,2,142.8,1663.95,1806.75
283,SUCCESS,Datacenter_0,2,21.43,1806.75,1828.18
534,SUCCESS,Datacenter_0,6,47.61,1790.71,1838.32
349,SUCCESS,Datacenter_0,5,159.97,1699.91,1859.88
769,SUCCESS,Datacenter_0,7,71.42,1794.82,1866.24
356,SUCCESS,Datacenter_0,5,8,1859.88,1867.88
771,SUCCESS,Datacenter_0,7,5.35,1866.24,1871.59
388,SUCCESS,Datacenter_0,5,7.99,1867.88,1875.87
550,SUCCESS,Datacenter_0,6,47.6,1838.32,1885.92
399,SUCCESS,Datacenter_0,5,11.97,1875.87,1887.84
555,SUCCESS,Datacenter_0,6,7.13,1885.92,1893.05
649,SUCCESS,Datacenter_0,4,111.09,1783.38,1894.47
403,SUCCESS,Datacenter_0,5,11.99,1887.84,1899.83
652,SUCCESS,Datacenter_0,4,5.55,1894.47,1900.02
563,SUCCESS,Datacenter_0,6,7.14,1893.05,1900.19
571,SUCCESS,Datacenter_0,6,7.14,1900.19,1907.33
663,SUCCESS,Datacenter_0,4,8.31,1900.02,1908.33
781,SUCCESS,Datacenter_0,7,71.42,1871.59,1943.01
409,SUCCESS,Datacenter_0,3,166.66,1783.27,1949.93
826,SUCCESS,Datacenter_0,7,35.7,1943.01,1978.72
581,SUCCESS,Datacenter_0,6,95.24,1907.33,2002.57
834,SUCCESS,Datacenter_0,7,35.71,1978.72,2014.43
836,SUCCESS,Datacenter_0,7,3.57,2014.43,2018
665,SUCCESS,Datacenter_0,4,111.11,1908.33,2019.45
884,SUCCESS,Datacenter_0,7,3.57,2018,2021.57
671,SUCCESS,Datacenter_0,4,8.32,2019.45,2027.76
410,SUCCESS,Datacenter_0,3,83.29,1949.93,2033.22
586,SUCCESS,Datacenter_0,6,47.6,2002.57,2050.18
413,SUCCESS,Datacenter_0,5,159.99,1899.83,2059.82
674,SUCCESS,Datacenter_0,4,55.55,2027.76,2083.32
676,SUCCESS,Datacenter_0,4,5.56,2083.32,2088.87
905,SUCCESS,Datacenter_0,7,71.43,2021.57,2093
716,SUCCESS,Datacenter_0,4,5.54,2088.87,2094.41
924,SUCCESS,Datacenter_0,7,3.56,2093,2096.56
720,SUCCESS,Datacenter_0,4,5.53,2094.41,2099.94
940,SUCCESS,Datacenter_0,7,3.57,2096.56,2100.12
293,SUCCESS,Datacenter_0,2,285.66,1828.18,2113.84
978,SUCCESS,Datacenter_0,7,35.71,2100.12,2135.84
601,SUCCESS,Datacenter_0,6,95.23,2050.18,2145.41
461,SUCCESS,Datacenter_0,3,166.64,2033.22,2199.87
721,SUCCESS,Datacenter_0,4,111.09,2099.94,2211.03
731,SUCCESS,Datacenter_0,4,8.33,2211.03,2219.37
421,SUCCESS,Datacenter_0,5,159.99,2059.82,2219.81
743,SUCCESS,Datacenter_0,4,8.33,2219.37,2227.7
609,SUCCESS,Datacenter_0,6,95.22,2145.41,2240.62
466,SUCCESS,Datacenter_0,3,83.3,2199.87,2283.17
618,SUCCESS,Datacenter_0,6,47.61,2240.62,2288.24
520,SUCCESS,Datacenter_0,3,8.32,2283.17,2291.49
454,SUCCESS,Datacenter_0,5,79.96,2219.81,2299.77
523,SUCCESS,Datacenter_0,3,12.49,2291.49,2303.98
527,SUCCESS,Datacenter_0,3,12.5,2303.98,2316.48
531,SUCCESS,Datacenter_0,3,12.5,2316.48,2328.98
626,SUCCESS,Datacenter_0,6,47.6,2288.24,2335.83
556,SUCCESS,Datacenter_0,3,8.32,2328.98,2337.29
749,SUCCESS,Datacenter_0,4,111.1,2227.7,2338.79
770,SUCCESS,Datacenter_0,4,55.56,2338.79,2394.35
297,SUCCESS,Datacenter_0,2,285.65,2113.84,2399.49
772,SUCCESS,Datacenter_0,4,5.53,2394.35,2399.88
73,SUCCESS,Datacenter_0,1,799.97,1600.11,2400.08
304,SUCCESS,Datacenter_0,2,14.23,2399.49,2413.72
312,SUCCESS,Datacenter_0,2,14.29,2413.72,2428.01
641,SUCCESS,Datacenter_0,6,95.22,2335.83,2431.06
76,SUCCESS,Datacenter_0,1,39.98,2400.08,2440.06
485,SUCCESS,Datacenter_0,5,159.97,2299.77,2459.74
662,SUCCESS,Datacenter_0,6,47.61,2431.06,2478.66
88,SUCCESS,Datacenter_0,1,39.81,2440.06,2479.86
561,SUCCESS,Datacenter_0,3,166.66,2337.29,2503.95
773,SUCCESS,Datacenter_0,4,111.1,2399.88,2510.97
135,SUCCESS,Datacenter_0,1,59.87,2479.86,2539.73
498,SUCCESS,Datacenter_0,5,80,2459.74,2539.73
774,SUCCESS,Datacenter_0,4,55.54,2510.97,2566.51
318,SUCCESS,Datacenter_0,2,142.79,2428.01,2570.8
673,SUCCESS,Datacenter_0,6,95.23,2478.66,2573.89
680,SUCCESS,Datacenter_0,6,4.76,2573.89,2578.66
320,SUCCESS,Datacenter_0,2,14.29,2570.8,2585.08
562,SUCCESS,Datacenter_0,3,83.3,2503.95,2587.25
689,SUCCESS,Datacenter_0,6,95.24,2578.66,2673.89
777,SUCCESS,Datacenter_0,4,111.1,2566.51,2677.62
696,SUCCESS,Datacenter_0,6,4.75,2673.89,2678.64
783,SUCCESS,Datacenter_0,4,8.33,2677.62,2685.95
800,SUCCESS,Datacenter_0,4,5.56,2685.95,2691.5
812,SUCCESS,Datacenter_0,4,5.56,2691.5,2697.06
501,SUCCESS,Datacenter_0,5,159.96,2539.73,2699.7
503,SUCCESS,Datacenter_0,5,12,2699.7,2711.7
547,SUCCESS,Datacenter_0,5,12,2711.7,2723.7
854,SUCCESS,Datacenter_0,4,55.53,2697.06,2752.59
597,SUCCESS,Datacenter_0,3,166.63,2587.25,2753.88
867,SUCCESS,Datacenter_0,4,8.32,2752.59,2760.9
697,SUCCESS,Datacenter_0,6,95.22,2678.64,2773.86
739,SUCCESS,Datacenter_0,6,7.14,2773.86,2781
759,SUCCESS,Datacenter_0,6,7.14,2781,2788.14
768,SUCCESS,Datacenter_0,6,4.76,2788.14,2792.9
602,SUCCESS,Datacenter_0,3,83.32,2753.88,2837.2
337,SUCCESS,Datacenter_0,2,285.68,2585.08,2870.77
901,SUCCESS,Datacenter_0,4,111.09,2760.9,2871.99
903,SUCCESS,Datacenter_0,4,8.33,2871.99,2880.32
549,SUCCESS,Datacenter_0,5,159.99,2723.7,2883.68
908,SUCCESS,Datacenter_0,4,5.55,2880.32,2885.88
797,SUCCESS,Datacenter_0,6,95.23,2792.9,2888.14
816,SUCCESS,Datacenter_0,6,4.76,2888.14,2892.9
915,SUCCESS,Datacenter_0,4,8.33,2885.88,2894.21
820,SUCCESS,Datacenter_0,6,4.76,2892.9,2897.66
920,SUCCESS,Datacenter_0,4,5.54,2894.21,2899.74
936,SUCCESS,Datacenter_0,4,5.56,2899.74,2905.3
610,SUCCESS,Datacenter_0,3,83.31,2837.2,2920.51
624,SUCCESS,Datacenter_0,3,8.33,2920.51,2928.84
822,SUCCESS,Datacenter_0,6,47.61,2897.66,2945.27
847,SUCCESS,Datacenter_0,6,7.14,2945.27,2952.41
855,SUCCESS,Datacenter_0,6,7.14,2952.41,2959.55
942,SUCCESS,Datacenter_0,4,55.53,2905.3,2960.83
578,SUCCESS,Datacenter_0,5,79.99,2883.68,2963.67
876,SUCCESS,Datacenter_0,6,4.76,2959.55,2964.31
952,SUCCESS,Datacenter_0,4,5.54,2960.83,2966.37
880,SUCCESS,Datacenter_0,6,4.75,2964.31,2969.06
596,SUCCESS,Datacenter_0,5,7.99,2963.67,2971.66
883,SUCCESS,Datacenter_0,6,7.12,2969.06,2976.18
896,SUCCESS,Datacenter_0,6,4.76,2976.18,2980.95
599,SUCCESS,Datacenter_0,5,11.97,2971.66,2983.63
899,SUCCESS,Datacenter_0,6,7.13,2980.95,2988.08
630,SUCCESS,Datacenter_0,3,83.32,2928.84,3012.16
958,SUCCESS,Datacenter_0,4,55.54,2966.37,3021.91
946,SUCCESS,Datacenter_0,6,47.62,2988.08,3035.7
964,SUCCESS,Datacenter_0,6,4.76,3035.7,3040.46
976,SUCCESS,Datacenter_0,6,4.76,3040.46,3045.22
984,SUCCESS,Datacenter_0,6,4.76,3045.22,3049.98
606,SUCCESS,Datacenter_0,5,80,2983.63,3063.62
615,SUCCESS,Datacenter_0,5,12,3063.62,3075.62
620,SUCCESS,Datacenter_0,5,8,3075.62,3083.62
635,SUCCESS,Datacenter_0,5,12,3083.62,3095.62
990,SUCCESS,Datacenter_0,6,47.62,3049.98,3097.6
651,SUCCESS,Datacenter_0,5,11.98,3095.62,3107.6
679,SUCCESS,Datacenter_0,5,12,3107.6,3119.6
683,SUCCESS,Datacenter_0,5,12,3119.6,3131.6
989,SUCCESS,Datacenter_0,4,111.1,3021.91,3133.02
991,SUCCESS,Datacenter_0,4,8.33,3133.02,3141.35
381,SUCCESS,Datacenter_0,2,285.65,2870.77,3156.42
387,SUCCESS,Datacenter_0,2,21.43,3156.42,3177.85
633,SUCCESS,Datacenter_0,3,166.65,3012.16,3178.81
643,SUCCESS,Datacenter_0,3,12.5,3178.81,3191.31
694,SUCCESS,Datacenter_0,5,79.99,3131.6,3211.59
695,SUCCESS,Datacenter_0,5,12,3211.59,3223.59
654,SUCCESS,Datacenter_0,3,83.32,3191.31,3274.63
655,SUCCESS,Datacenter_0,3,12.5,3274.63,3287.13
660,SUCCESS,Datacenter_0,3,8.33,3287.13,3295.46
706,SUCCESS,Datacenter_0,5,79.99,3223.59,3303.58
727,SUCCESS,Datacenter_0,5,12,3303.58,3315.58
390,SUCCESS,Datacenter_0,2,142.8,3177.85,3320.65
404,SUCCESS,Datacenter_0,2,14.29,3320.65,3334.94
141,SUCCESS,Datacenter_0,1,799.81,2539.73,3339.54
412,SUCCESS,Datacenter_0,2,14.24,3334.94,3349.18
423,SUCCESS,Datacenter_0,2,21.43,3349.18,3370.61
444,SUCCESS,Datacenter_0,2,14.29,3370.61,3384.9
455,SUCCESS,Datacenter_0,2,21.43,3384.9,3406.33
456,SUCCESS,Datacenter_0,2,14.29,3406.33,3420.61
471,SUCCESS,Datacenter_0,2,21.43,3420.61,3442.04
476,SUCCESS,Datacenter_0,2,14.29,3442.04,3456.33
661,SUCCESS,Datacenter_0,3,166.65,3295.46,3462.12
664,SUCCESS,Datacenter_0,3,8.33,3462.12,3470.45
733,SUCCESS,Datacenter_0,5,159.99,3315.58,3475.57
699,SUCCESS,Datacenter_0,3,12.49,3470.45,3482.95
735,SUCCESS,Datacenter_0,5,11.97,3475.57,3487.55
700,SUCCESS,Datacenter_0,3,8.31,3482.95,3491.25
760,SUCCESS,Datacenter_0,5,7.99,3487.55,3495.53
719,SUCCESS,Datacenter_0,3,12.49,3491.25,3503.74
786,SUCCESS,Datacenter_0,5,79.97,3495.53,3575.5
726,SUCCESS,Datacenter_0,3,83.3,3503.74,3587.04
795,SUCCESS,Datacenter_0,5,11.98,3575.5,3587.48
752,SUCCESS,Datacenter_0,3,8.32,3587.04,3595.36
796,SUCCESS,Datacenter_0,5,7.99,3587.48,3595.48
482,SUCCESS,Datacenter_0,2,142.8,3456.33,3599.12
495,SUCCESS,Datacenter_0,2,21.43,3599.12,3620.55
500,SUCCESS,Datacenter_0,2,14.29,3620.55,3634.84
801,SUCCESS,Datacenter_0,5,160,3595.48,3755.48
753,SUCCESS,Datacenter_0,3,166.66,3595.36,3762.02
808,SUCCESS,Datacenter_0,5,7.98,3755.48,3763.46
784,SUCCESS,Datacenter_0,3,8.32,3762.02,3770.33
510,SUCCESS,Datacenter_0,2,142.85,3634.84,3777.69
512,SUCCESS,Datacenter_0,2,14.29,3777.69,3791.98
810,SUCCESS,Datacenter_0,5,80,3763.46,3843.46
530,SUCCESS,Datacenter_0,2,142.84,3791.98,3934.81
785,SUCCESS,Datacenter_0,3,166.65,3770.33,3936.98
792,SUCCESS,Datacenter_0,3,8.33,3936.98,3945.31
532,SUCCESS,Datacenter_0,2,14.29,3934.81,3949.1
559,SUCCESS,Datacenter_0,2,21.43,3949.1,3970.53
560,SUCCESS,Datacenter_0,2,14.29,3970.53,3984.81
813,SUCCESS,Datacenter_0,5,160,3843.46,4003.45
567,SUCCESS,Datacenter_0,2,21.43,3984.81,4006.24
575,SUCCESS,Datacenter_0,2,21.43,4006.24,4027.67
806,SUCCESS,Datacenter_0,3,83.31,3945.31,4028.63
811,SUCCESS,Datacenter_0,3,12.5,4028.63,4041.13
824,SUCCESS,Datacenter_0,3,8.33,4041.13,4049.46
831,SUCCESS,Datacenter_0,3,12.5,4049.46,4061.96
161,SUCCESS,Datacenter_0,1,799.82,3339.54,4139.36
842,SUCCESS,Datacenter_0,3,83.32,4061.96,4145.28
844,SUCCESS,Datacenter_0,3,8.33,4145.28,4153.61
817,SUCCESS,Datacenter_0,5,160,4003.45,4163.45
594,SUCCESS,Datacenter_0,2,142.85,4027.67,4170.52
623,SUCCESS,Datacenter_0,2,21.43,4170.52,4191.95
632,SUCCESS,Datacenter_0,2,14.29,4191.95,4206.23
850,SUCCESS,Datacenter_0,3,83.29,4153.61,4236.9
821,SUCCESS,Datacenter_0,5,159.97,4163.45,4323.42
638,SUCCESS,Datacenter_0,2,142.83,4206.23,4349.06
647,SUCCESS,Datacenter_0,2,21.43,4349.06,4370.49
838,SUCCESS,Datacenter_0,5,79.99,4323.42,4403.41
857,SUCCESS,Datacenter_0,3,166.64,4236.9,4403.54
870,SUCCESS,Datacenter_0,3,83.33,4403.54,4486.87
891,SUCCESS,Datacenter_0,3,12.5,4486.87,4499.37
650,SUCCESS,Datacenter_0,2,142.81,4370.49,4513.3
667,SUCCESS,Datacenter_0,2,21.43,4513.3,4534.73
162,SUCCESS,Datacenter_0,1,399.97,4139.36,4539.33
675,SUCCESS,Datacenter_0,2,21.39,4534.73,4556.11
845,SUCCESS,Datacenter_0,5,159.98,4403.41,4563.39
848,SUCCESS,Datacenter_0,5,8,4563.39,4571.39
898,SUCCESS,Datacenter_0,3,83.31,4499.37,4582.69
858,SUCCESS,Datacenter_0,5,79.97,4571.39,4651.37
859,SUCCESS,Datacenter_0,5,12,4651.37,4663.37
906,SUCCESS,Datacenter_0,3,83.31,4582.69,4665.99
912,SUCCESS,Datacenter_0,3,8.33,4665.99,4674.32
943,SUCCESS,Datacenter_0,3,12.5,4674.32,4686.82
686,SUCCESS,Datacenter_0,2,142.85,4556.11,4698.97
963,SUCCESS,Datacenter_0,3,12.48,4686.82,4699.3
691,SUCCESS,Datacenter_0,2,21.4,4698.97,4720.37
862,SUCCESS,Datacenter_0,5,79.97,4663.37,4743.33
998,SUCCESS,Datacenter_0,3,83.32,4699.3,4782.62
874,SUCCESS,Datacenter_0,5,79.97,4743.33,4823.3
878,SUCCESS,Datacenter_0,5,80,4823.3,4903.3
879,SUCCESS,Datacenter_0,5,12,4903.3,4915.3
882,SUCCESS,Datacenter_0,5,80,4915.3,4995.3
892,SUCCESS,Datacenter_0,5,8,4995.3,5003.3
693,SUCCESS,Datacenter_0,2,285.65,4720.37,5006.02
718,SUCCESS,Datacenter_0,2,142.86,5006.02,5148.87
897,SUCCESS,Datacenter_0,5,159.97,5003.3,5163.27
723,SUCCESS,Datacenter_0,2,21.4,5148.87,5170.27
916,SUCCESS,Datacenter_0,5,8,5163.27,5171.27
930,SUCCESS,Datacenter_0,5,80,5171.27,5251.27
730,SUCCESS,Datacenter_0,2,142.86,5170.27,5313.13
165,SUCCESS,Datacenter_0,1,799.8,4539.33,5339.13
175,SUCCESS,Datacenter_0,1,60,5339.13,5399.13
953,SUCCESS,Datacenter_0,5,159.98,5251.27,5411.25
960,SUCCESS,Datacenter_0,5,8,5411.25,5419.25
746,SUCCESS,Datacenter_0,2,142.83,5313.13,5455.97
195,SUCCESS,Datacenter_0,1,59.83,5399.13,5458.97
747,SUCCESS,Datacenter_0,2,21.43,5455.97,5477.39
748,SUCCESS,Datacenter_0,2,14.29,5477.39,5491.68
961,SUCCESS,Datacenter_0,5,159.99,5419.25,5579.24
766,SUCCESS,Datacenter_0,2,142.85,5491.68,5634.53
775,SUCCESS,Datacenter_0,2,21.43,5634.53,5655.95
788,SUCCESS,Datacenter_0,2,14.29,5655.95,5670.24
798,SUCCESS,Datacenter_0,2,142.86,5670.24,5813.1
814,SUCCESS,Datacenter_0,2,142.86,5813.1,5955.95
828,SUCCESS,Datacenter_0,2,14.29,5955.95,5970.24
841,SUCCESS,Datacenter_0,2,285.71,5970.24,6255.95
197,SUCCESS,Datacenter_0,1,799.99,5458.97,6258.95
843,SUCCESS,Datacenter_0,2,21.43,6255.95,6277.38
852,SUCCESS,Datacenter_0,2,14.29,6277.38,6291.67
203,SUCCESS,Datacenter_0,1,59.91,6258.95,6318.87
853,SUCCESS,Datacenter_0,2,285.7,6291.67,6577.37
868,SUCCESS,Datacenter_0,2,14.29,6577.37,6591.65
910,SUCCESS,Datacenter_0,2,142.86,6591.65,6734.51
913,SUCCESS,Datacenter_0,2,285.71,6734.51,7020.23
229,SUCCESS,Datacenter_0,1,799.96,6318.87,7118.83
925,SUCCESS,Datacenter_0,2,285.67,7020.23,7305.9
934,SUCCESS,Datacenter_0,2,142.86,7305.9,7448.75
230,SUCCESS,Datacenter_0,1,399.93,7118.83,7518.75
945,SUCCESS,Datacenter_0,2,285.71,7448.75,7734.47
975,SUCCESS,Datacenter_0,2,21.43,7734.47,7755.9
238,SUCCESS,Datacenter_0,1,399.94,7518.75,7918.7
243,SUCCESS,Datacenter_0,1,60,7918.7,7978.7
981,SUCCESS,Datacenter_0,2,285.66,7755.9,8041.55
982,SUCCESS,Datacenter_0,2,142.86,8041.55,8184.41
992,SUCCESS,Datacenter_0,2,14.29,8184.41,8198.7
250,SUCCESS,Datacenter_0,1,400,7978.7,8378.7
261,SUCCESS,Datacenter_0,1,800,8378.7,9178.7
266,SUCCESS,Datacenter_0,1,400,9178.7,9578.7
272,SUCCESS,Datacenter_0,1,40,9578.7,9618.7
275,SUCCESS,Datacenter_0,1,60,9618.7,9678.7
281,SUCCESS,Datacenter_0,1,800,9678.7,10478.7
309,SUCCESS,Datacenter_0,1,800,10478.7,11278.7
316,SUCCESS,Datacenter_0,1,40,11278.7,11318.7
334,SUCCESS,Datacenter_0,1,400,11318.7,11718.7
340,SUCCESS,Datacenter_0,1,40,11718.7,11758.7
360,SUCCESS,Datacenter_0,1,40,11758.7,11798.7
373,SUCCESS,Datacenter_0,1,800,11798.7,12598.7
374,SUCCESS,Datacenter_0,1,400,12598.7,12998.7
415,SUCCESS,Datacenter_0,1,60,12998.7,13058.7
429,SUCCESS,Datacenter_0,1,800,13058.7,13858.7
430,SUCCESS,Datacenter_0,1,400,13858.7,14258.7
434,SUCCESS,Datacenter_0,1,400,14258.7,14658.7
450,SUCCESS,Datacenter_0,1,400,14658.7,15058.7
457,SUCCESS,Datacenter_0,1,800,15058.7,15858.7
458,SUCCESS,Datacenter_0,1,400,15858.7,16258.7
459,SUCCESS,Datacenter_0,1,60,16258.7,16318.7
487,SUCCESS,Datacenter_0,1,60,16318.7,16378.7
494,SUCCESS,Datacenter_0,1,400,16378.7,16778.7
505,SUCCESS,Datacenter_0,1,800,16778.7,17578.7
538,SUCCESS,Datacenter_0,1,400,17578.7,17978.7
568,SUCCESS,Datacenter_0,1,40,17978.7,18018.7
573,SUCCESS,Datacenter_0,1,800,18018.7,18818.7
583,SUCCESS,Datacenter_0,1,60,18818.7,18878.7
588,SUCCESS,Datacenter_0,1,40,18878.7,18918.7
607,SUCCESS,Datacenter_0,1,60,18918.7,18978.7
608,SUCCESS,Datacenter_0,1,40,18978.7,19018.7
625,SUCCESS,Datacenter_0,1,800,19018.7,19818.7
639,SUCCESS,Datacenter_0,1,60,19818.7,19878.7
644,SUCCESS,Datacenter_0,1,40,19878.7,19918.7
656,SUCCESS,Datacenter_0,1,40,19918.7,19958.7
681,SUCCESS,Datacenter_0,1,800,19958.7,20758.7
684,SUCCESS,Datacenter_0,1,40,20758.7,20798.7
685,SUCCESS,Datacenter_0,1,800,20798.7,21598.7
692,SUCCESS,Datacenter_0,1,40,21598.7,21638.7
704,SUCCESS,Datacenter_0,1,40,21638.7,21678.7
710,SUCCESS,Datacenter_0,1,400,21678.7,22078.7
755,SUCCESS,Datacenter_0,1,60,22078.7,22138.7
787,SUCCESS,Datacenter_0,1,60,22138.7,22198.7
791,SUCCESS,Datacenter_0,1,60,22198.7,22258.7
794,SUCCESS,Datacenter_0,1,400,22258.7,22658.7
802,SUCCESS,Datacenter_0,1,400,22658.7,23058.7
805,SUCCESS,Datacenter_0,1,800,23058.7,23858.7
807,SUCCESS,Datacenter_0,1,60,23858.7,23918.7
827,SUCCESS,Datacenter_0,1,60,23918.7,23978.7
833,SUCCESS,Datacenter_0,1,800,23978.7,24778.7
839,SUCCESS,Datacenter_0,1,60,24778.7,24838.7
849,SUCCESS,Datacenter_0,1,800,24838.7,25638.7
861,SUCCESS,Datacenter_0,1,800,25638.7,26438.7
872,SUCCESS,Datacenter_0,1,40,26438.7,26478.7
887,SUCCESS,Datacenter_0,1,60,26478.7,26538.7
907,SUCCESS,Datacenter_0,1,60,26538.7,26598.7
911,SUCCESS,Datacenter_0,1,60,26598.7,26658.7
929,SUCCESS,Datacenter_0,1,800,26658.7,27458.7
933,SUCCESS,Datacenter_0,1,800,27458.7,28258.7
938,SUCCESS,Datacenter_0,1,400,28258.7,28658.7
949,SUCCESS,Datacenter_0,1,800,28658.7,29458.7
969,SUCCESS,Datacenter_0,1,800,29458.7,30258.7
971,SUCCESS,Datacenter_0,1,60,30258.7,30318.7
973,SUCCESS,Datacenter_0,1,800,30318.7,31118.7
988,SUCCESS,Datacenter_0,1,40,31118.7,31158.7
994,SUCCESS,Datacenter_0,1,400,31158.7,31558.7