CloudletID,DatacenterID,VMID,Time,Start Time,Finish Time
3,Datacenter_0,1,0.4,0.1,0.5
5,Datacenter_0,4,0.4,0.1,0.5
2,Datacenter_0,2,0.51,0.1,0.61
8,Datacenter_0,2,0.29,0.61,0.9
4,Datacenter_0,3,0.91,0.1,1.01
9,Datacenter_0,1,0.51,0.5,1.01
11,Datacenter_0,4,0.51,0.5,1.01
14,Datacenter_0,2,0.29,0.9,1.18
15,Datacenter_0,1,0.4,1.01,1.41
17,Datacenter_0,4,0.4,1.01,1.41
20,Datacenter_0,2,0.33,1.18,1.52
26,Datacenter_0,2,0.29,1.52,1.8
10,Datacenter_0,3,0.91,1.01,1.91
21,Datacenter_0,1,0.51,1.41,1.91
23,Datacenter_0,4,0.51,1.41,1.91
32,Datacenter_0,2,0.29,1.8,2.09
27,Datacenter_0,1,0.4,1.91,2.31
29,Datacenter_0,4,0.4,1.91,2.31
38,Datacenter_0,2,0.33,2.09,2.42
16,Datacenter_0,3,0.8,1.91,2.71
33,Datacenter_0,1,0.51,2.31,2.82
35,Datacenter_0,4,0.51,2.31,2.82
39,Datacenter_0,1,0.4,2.82,3.22
22,Datacenter_0,3,0.8,2.71,3.51
28,Datacenter_0,3,0.8,3.51,4.31
34,Datacenter_0,3,0.8,4.31,5.11
0,Datacenter_0,5,5.71,0.1,5.81
6,Datacenter_0,5,0.29,5.81,6.1
12,Datacenter_0,5,0.29,6.1,6.39
18,Datacenter_0,5,0.29,6.39,6.67
24,Datacenter_0,5,0.29,6.67,6.96
30,Datacenter_0,5,0.29,6.96,7.24
36,Datacenter_0,5,0.29,7.24,7.53
1,Datacenter_0,0,8,0.1,8.1
7,Datacenter_0,0,0.8,8.1,8.9
13,Datacenter_0,0,0.8,8.9,9.7
19,Datacenter_0,0,0.8,9.7,10.5
25,Datacenter_0,0,0.8,10.5,11.3
31,Datacenter_0,0,0.8,11.3,12.1
37,Datacenter_0,0,0.8,12.1,12.9