CloudletID,STATUS,DatacenterID,VMID,Time,Start Time,Finish Time

999,SUCCESS,Datacenter_3,3,0.43,1251.1,1251.53
39,SUCCESS,Datacenter_3,13,0.43,1251.1,1251.53
3,SUCCESS,Datacenter_9,9,0.43,1251.1,1251.53
985,SUCCESS,Datacenter_9,19,5.71,1251.1,1256.81
989,SUCCESS,Datacenter_9,9,5.71,1251.53,1257.24
1,SUCCESS,Datacenter_3,3,5.71,1251.53,1257.24
929,SUCCESS,Datacenter_3,13,5.71,1251.53,1257.24
15,SUCCESS,Datacenter_9,9,0.43,1257.24,1257.67
75,SUCCESS,Datacenter_3,13,0.43,1257.24,1257.67
139,SUCCESS,Datacenter_3,13,0.43,1257.67,1258.1
167,SUCCESS,Datacenter_3,13,0.43,1258.1,1258.53
10,SUCCESS,Datacenter_9,9,2.86,1257.67,1260.53
885,SUCCESS,Datacenter_9,19,5.71,1256.81,1262.53
21,SUCCESS,Datacenter_3,3,5.71,1257.24,1262.96
249,SUCCESS,Datacenter_3,13,5.71,1258.53,1264.24
25,SUCCESS,Datacenter_9,9,5.71,1260.53,1266.24
27,SUCCESS,Datacenter_9,9,0.43,1266.24,1266.67
129,SUCCESS,Datacenter_9,19,5.71,1262.53,1268.24
973,SUCCESS,Datacenter_3,3,5.71,1262.96,1268.67
19,SUCCESS,Datacenter_3,3,0.43,1268.67,1269.1
983,SUCCESS,Datacenter_3,3,0.43,1269.1,1269.53
257,SUCCESS,Datacenter_3,13,5.71,1264.24,1269.96
183,SUCCESS,Datacenter_3,13,0.43,1269.96,1270.39
941,SUCCESS,Datacenter_9,9,5.71,1266.67,1272.39
138,SUCCESS,Datacenter_3,13,2.86,1270.39,1273.24
825,SUCCESS,Datacenter_9,19,5.71,1268.24,1273.96
18,SUCCESS,Datacenter_5,15,2.86,1261.1,1263.96
119,SUCCESS,Datacenter_9,19,0.43,1273.96,1274.39
949,SUCCESS,Datacenter_3,3,5.71,1269.53,1275.24
35,SUCCESS,Datacenter_3,3,0.43,1275.24,1275.67
142,SUCCESS,Datacenter_3,13,2.86,1273.24,1276.1
5,SUCCESS,Datacenter_5,5,5.71,1261.1,1266.81
974,SUCCESS,Datacenter_5,15,2.86,1263.96,1266.81
894,SUCCESS,Datacenter_9,19,2.86,1274.39,1277.24
933,SUCCESS,Datacenter_9,9,5.71,1272.39,1278.1
846,SUCCESS,Datacenter_3,13,2.86,1276.1,1278.96
962,SUCCESS,Datacenter_9,9,2.86,1278.1,1280.96
917,SUCCESS,Datacenter_3,3,5.71,1275.67,1281.39
41,SUCCESS,Datacenter_5,5,5.71,1266.81,1272.53
89,SUCCESS,Datacenter_5,15,5.71,1266.81,1272.53
777,SUCCESS,Datacenter_9,19,5.71,1277.24,1282.96
38,SUCCESS,Datacenter_9,9,2.86,1280.96,1283.81
958,SUCCESS,Datacenter_3,3,2.86,1281.39,1284.24
329,SUCCESS,Datacenter_3,13,5.71,1278.96,1284.67
870,SUCCESS,Datacenter_9,19,2.86,1282.96,1285.81
46,SUCCESS,Datacenter_3,3,2.86,1284.24,1287.1
67,SUCCESS,Datacenter_3,3,0.43,1287.1,1287.53
91,SUCCESS,Datacenter_3,3,0.43,1287.53,1287.96
953,SUCCESS,Datacenter_5,5,5.71,1272.53,1278.24
97,SUCCESS,Datacenter_5,15,5.71,1272.53,1278.24
866,SUCCESS,Datacenter_9,19,2.86,1285.81,1288.67
199,SUCCESS,Datacenter_9,19,0.43,1288.67,1289.1
913,SUCCESS,Datacenter_9,9,5.71,1283.81,1289.53
365,SUCCESS,Datacenter_3,13,5.71,1284.67,1290.39
837,SUCCESS,Datacenter_3,3,5.71,1287.96,1293.67
6,SUCCESS,Datacenter_7,7,2.86,1271.1,1273.96
925,SUCCESS,Datacenter_5,5,5.71,1278.24,1283.96
901,SUCCESS,Datacenter_5,15,5.71,1278.24,1283.96
943,SUCCESS,Datacenter_3,3,0.43,1293.67,1294.1
123,SUCCESS,Datacenter_3,3,0.43,1294.1,1294.53
381,SUCCESS,Datacenter_9,19,5.71,1289.1,1294.81
131,SUCCESS,Datacenter_3,3,0.43,1294.53,1294.96
181,SUCCESS,Datacenter_9,9,5.71,1289.53,1295.24
389,SUCCESS,Datacenter_3,13,5.71,1290.39,1296.1
965,SUCCESS,Datacenter_7,17,5.71,1271.1,1276.81
946,SUCCESS,Datacenter_5,5,2.86,1283.96,1286.81
29,SUCCESS,Datacenter_7,7,5.71,1273.96,1279.67
54,SUCCESS,Datacenter_5,5,2.86,1286.81,1289.67
897,SUCCESS,Datacenter_5,15,5.71,1283.96,1289.67
23,SUCCESS,Datacenter_7,7,0.43,1279.67,1280.1
83,SUCCESS,Datacenter_5,15,0.43,1289.67,1290.1
561,SUCCESS,Datacenter_9,19,5.71,1294.81,1300.53
947,SUCCESS,Datacenter_5,15,0.43,1290.1,1290.53
213,SUCCESS,Datacenter_3,3,5.71,1294.96,1300.67
801,SUCCESS,Datacenter_9,9,5.71,1295.24,1300.96
155,SUCCESS,Datacenter_5,15,0.43,1290.53,1290.96
163,SUCCESS,Datacenter_5,15,0.43,1290.96,1291.39
601,SUCCESS,Datacenter_3,13,5.71,1296.1,1301.81
45,SUCCESS,Datacenter_7,17,5.71,1276.81,1282.53
62,SUCCESS,Datacenter_5,5,2.86,1289.67,1292.53
26,SUCCESS,Datacenter_7,7,2.86,1280.1,1282.96
95,SUCCESS,Datacenter_5,5,0.43,1292.53,1292.96
975,SUCCESS,Datacenter_7,7,0.43,1282.96,1283.39
971,SUCCESS,Datacenter_7,7,0.43,1283.39,1283.81
862,SUCCESS,Datacenter_5,15,2.86,1291.39,1294.24
198,SUCCESS,Datacenter_3,13,2.86,1301.81,1304.67
279,SUCCESS,Datacenter_3,13,0.43,1304.67,1305.1
954,SUCCESS,Datacenter_7,17,2.86,1282.53,1285.39
87,SUCCESS,Datacenter_7,17,0.43,1285.39,1285.81
70,SUCCESS,Datacenter_5,5,2.86,1292.96,1295.81
441,SUCCESS,Datacenter_9,19,5.71,1300.53,1306.24
115,SUCCESS,Datacenter_5,5,0.43,1295.81,1296.24
773,SUCCESS,Datacenter_3,3,5.71,1300.67,1306.39
785,SUCCESS,Datacenter_9,9,5.71,1300.96,1306.67
42,SUCCESS,Datacenter_7,7,2.86,1283.81,1286.67
59,SUCCESS,Datacenter_7,7,0.43,1286.67,1287.1
854,SUCCESS,Datacenter_5,15,2.86,1294.24,1297.1
926,SUCCESS,Datacenter_7,17,2.86,1285.81,1288.67
778,SUCCESS,Datacenter_9,19,2.86,1306.24,1309.1
99,SUCCESS,Datacenter_7,17,0.43,1288.67,1289.1
118,SUCCESS,Datacenter_9,9,2.86,1306.67,1309.53
942,SUCCESS,Datacenter_7,7,2.86,1287.1,1289.96
951,SUCCESS,Datacenter_7,7,0.43,1289.96,1290.39
469,SUCCESS,Datacenter_3,13,5.71,1305.1,1310.81
107,SUCCESS,Datacenter_7,7,0.43,1290.39,1290.81
185,SUCCESS,Datacenter_5,5,5.71,1296.24,1301.96
745,SUCCESS,Datacenter_3,3,5.71,1306.39,1312.1
317,SUCCESS,Datacenter_5,15,5.71,1297.1,1302.81
482,SUCCESS,Datacenter_3,13,2.86,1310.81,1313.67
513,SUCCESS,Datacenter_9,19,5.71,1309.1,1314.81
769,SUCCESS,Datacenter_7,17,5.71,1289.1,1294.81
693,SUCCESS,Datacenter_9,9,5.71,1309.53,1315.24
331,SUCCESS,Datacenter_9,19,0.43,1314.81,1315.24
915,SUCCESS,Datacenter_7,17,0.43,1294.81,1295.24
895,SUCCESS,Datacenter_7,17,0.43,1295.24,1295.67
211,SUCCESS,Datacenter_7,17,0.43,1295.67,1296.1
554,SUCCESS,Datacenter_3,13,2.86,1313.67,1316.53
177,SUCCESS,Datacenter_7,7,5.71,1290.81,1296.53
789,SUCCESS,Datacenter_5,5,5.71,1301.96,1307.67
721,SUCCESS,Datacenter_3,3,5.71,1312.1,1317.81
158,SUCCESS,Datacenter_9,9,2.86,1315.24,1318.1
510,SUCCESS,Datacenter_9,19,2.86,1315.24,1318.1
325,SUCCESS,Datacenter_5,15,5.71,1302.81,1308.53
438,SUCCESS,Datacenter_3,13,2.86,1316.53,1319.39
890,SUCCESS,Datacenter_5,5,2.86,1307.67,1310.53
722,SUCCESS,Datacenter_9,19,2.86,1318.1,1320.96
159,SUCCESS,Datacenter_5,5,0.43,1310.53,1310.96
371,SUCCESS,Datacenter_9,19,0.43,1320.96,1321.39
162,SUCCESS,Datacenter_5,15,2.86,1308.53,1311.39
383,SUCCESS,Datacenter_9,19,0.43,1321.39,1321.81
665,SUCCESS,Datacenter_7,17,5.71,1296.1,1301.81
243,SUCCESS,Datacenter_5,15,0.43,1311.39,1311.81
378,SUCCESS,Datacenter_3,13,2.86,1319.39,1322.24
807,SUCCESS,Datacenter_9,19,0.43,1321.81,1322.24
209,SUCCESS,Datacenter_7,7,5.71,1296.53,1302.24
395,SUCCESS,Datacenter_9,19,0.43,1322.24,1322.67
285,SUCCESS,Datacenter_3,3,5.71,1317.81,1323.53
321,SUCCESS,Datacenter_9,9,5.71,1318.1,1323.81
186,SUCCESS,Datacenter_5,15,2.86,1311.81,1314.67
366,SUCCESS,Datacenter_3,13,2.86,1322.24,1325.1
439,SUCCESS,Datacenter_3,13,0.43,1325.1,1325.53
298,SUCCESS,Datacenter_9,19,2.86,1322.67,1325.53
261,SUCCESS,Datacenter_5,5,5.71,1310.96,1316.67
653,SUCCESS,Datacenter_7,17,5.71,1301.81,1307.53
221,SUCCESS,Datacenter_7,7,5.71,1302.24,1307.96
334,SUCCESS,Datacenter_3,13,2.86,1325.53,1328.39
698,SUCCESS,Datacenter_9,19,2.86,1325.53,1328.39
539,SUCCESS,Datacenter_3,13,0.43,1328.39,1328.81
708,SUCCESS,Datacenter_3,13,0.29,1328.81,1329.1
301,SUCCESS,Datacenter_3,3,5.71,1323.53,1329.24
648,SUCCESS,Datacenter_3,13,0.29,1329.1,1329.39
669,SUCCESS,Datacenter_9,9,5.71,1323.81,1329.53
130,SUCCESS,Datacenter_5,5,2.86,1316.67,1319.53
644,SUCCESS,Datacenter_3,13,0.29,1329.39,1329.67
612,SUCCESS,Datacenter_3,13,0.29,1329.67,1329.96
512,SUCCESS,Datacenter_3,13,0.29,1329.96,1330.24
182,SUCCESS,Datacenter_7,17,2.86,1307.53,1310.39
385,SUCCESS,Datacenter_5,15,5.71,1314.67,1320.39
472,SUCCESS,Datacenter_3,13,0.29,1330.24,1330.53
412,SUCCESS,Datacenter_3,13,0.29,1330.53,1330.81
875,SUCCESS,Datacenter_7,17,0.43,1310.39,1310.81
835,SUCCESS,Datacenter_5,15,0.43,1320.39,1320.81
376,SUCCESS,Datacenter_3,13,0.29,1330.81,1331.1
263,SUCCESS,Datacenter_7,17,0.43,1310.81,1311.24
606,SUCCESS,Datacenter_9,19,2.86,1328.39,1331.24
884,SUCCESS,Datacenter_3,13,0.29,1331.1,1331.39
987,SUCCESS,Datacenter_1,21,0.43,1291.1,1291.53
292,SUCCESS,Datacenter_3,13,0.29,1331.39,1331.67
427,SUCCESS,Datacenter_9,19,0.43,1331.24,1331.67
932,SUCCESS,Datacenter_3,13,0.29,1331.67,1331.96
166,SUCCESS,Datacenter_3,3,2.86,1329.24,1332.1
767,SUCCESS,Datacenter_9,19,0.43,1331.67,1332.1
748,SUCCESS,Datacenter_9,19,0.29,1332.1,1332.39
744,SUCCESS,Datacenter_9,19,0.29,1332.39,1332.67
636,SUCCESS,Datacenter_9,19,0.29,1332.67,1332.96
628,SUCCESS,Datacenter_9,19,0.29,1332.96,1333.24
460,SUCCESS,Datacenter_9,19,0.29,1333.24,1333.53
757,SUCCESS,Datacenter_7,7,5.71,1307.96,1313.67
546,SUCCESS,Datacenter_5,15,2.86,1320.81,1323.67
860,SUCCESS,Datacenter_9,19,0.29,1333.53,1333.81
986,SUCCESS,Datacenter_2,2,2.86,1291.1,1293.96
998,SUCCESS,Datacenter_6,16,2.86,1291.1,1293.96
228,SUCCESS,Datacenter_9,19,0.29,1333.81,1334.1
192,SUCCESS,Datacenter_9,19,0.29,1334.1,1334.39
972,SUCCESS,Datacenter_9,19,0.29,1334.39,1334.67
16,SUCCESS,Datacenter_9,19,0.29,1334.67,1334.96
333,SUCCESS,Datacenter_9,9,5.71,1329.53,1335.24
0,SUCCESS,Datacenter_9,19,0.29,1334.96,1335.24
733,SUCCESS,Datacenter_5,5,5.71,1319.53,1325.24
446,SUCCESS,Datacenter_5,15,2.86,1323.67,1326.53
981,SUCCESS,Datacenter_1,11,5.71,1291.1,1296.81
30,SUCCESS,Datacenter_2,2,2.86,1293.96,1296.81
125,SUCCESS,Datacenter_2,12,5.71,1291.1,1296.81
37,SUCCESS,Datacenter_4,4,5.71,1291.1,1296.81
65,SUCCESS,Datacenter_4,14,5.71,1291.1,1296.81
937,SUCCESS,Datacenter_6,6,5.71,1291.1,1296.81
17,SUCCESS,Datacenter_8,8,5.71,1291.1,1296.81
997,SUCCESS,Datacenter_8,18,5.71,1291.1,1296.81
397,SUCCESS,Datacenter_7,17,5.71,1311.24,1316.96
77,SUCCESS,Datacenter_1,21,5.71,1291.53,1297.24
341,SUCCESS,Datacenter_3,3,5.71,1332.1,1337.81
993,SUCCESS,Datacenter_1,1,8,1291.1,1299.1
309,SUCCESS,Datacenter_7,7,5.71,1313.67,1319.39
574,SUCCESS,Datacenter_5,15,2.86,1326.53,1329.39
90,SUCCESS,Datacenter_2,12,2.86,1296.81,1299.67
22,SUCCESS,Datacenter_4,4,2.86,1296.81,1299.67
9,SUCCESS,Datacenter_6,16,5.71,1293.96,1299.67
934,SUCCESS,Datacenter_1,21,2.86,1297.24,1300.1
995,SUCCESS,Datacenter_6,16,0.43,1299.67,1300.1
413,SUCCESS,Datacenter_9,9,5.71,1335.24,1340.96
617,SUCCESS,Datacenter_5,5,5.71,1325.24,1330.96
867,SUCCESS,Datacenter_5,5,0.43,1330.96,1331.39
291,SUCCESS,Datacenter_5,5,0.43,1331.39,1331.81
154,SUCCESS,Datacenter_7,7,2.86,1319.39,1322.24
578,SUCCESS,Datacenter_5,15,2.86,1329.39,1332.24
961,SUCCESS,Datacenter_1,11,5.71,1296.81,1302.53
73,SUCCESS,Datacenter_6,6,5.71,1296.81,1302.53
69,SUCCESS,Datacenter_2,2,5.71,1296.81,1302.53
889,SUCCESS,Datacenter_4,14,5.71,1296.81,1302.53
977,SUCCESS,Datacenter_8,8,5.71,1296.81,1302.53
33,SUCCESS,Datacenter_8,18,5.71,1296.81,1302.53
585,SUCCESS,Datacenter_7,17,5.71,1316.96,1322.67
918,SUCCESS,Datacenter_1,21,2.86,1300.1,1302.96
970,SUCCESS,Datacenter_6,16,2.86,1300.1,1302.96
55,SUCCESS,Datacenter_2,2,0.43,1302.53,1302.96
79,SUCCESS,Datacenter_4,14,0.43,1302.53,1302.96
31,SUCCESS,Datacenter_8,8,0.43,1302.53,1302.96
47,SUCCESS,Datacenter_6,16,0.43,1302.96,1303.39
979,SUCCESS,Datacenter_8,8,0.43,1302.96,1303.39
657,SUCCESS,Datacenter_3,3,5.71,1337.81,1343.53
786,SUCCESS,Datacenter_9,9,2.86,1340.96,1343.81
178,SUCCESS,Datacenter_7,7,2.86,1322.24,1325.1
374,SUCCESS,Datacenter_5,15,2.86,1332.24,1335.1
805,SUCCESS,Datacenter_2,12,5.71,1299.67,1305.39
61,SUCCESS,Datacenter_4,4,5.71,1299.67,1305.39
982,SUCCESS,Datacenter_8,18,2.86,1302.53,1305.39
247,SUCCESS,Datacenter_7,7,0.43,1325.1,1325.53
902,SUCCESS,Datacenter_1,21,2.86,1302.96,1305.81
43,SUCCESS,Datacenter_4,4,0.43,1305.39,1305.81
267,SUCCESS,Datacenter_7,7,0.43,1325.53,1325.96
927,SUCCESS,Datacenter_1,21,0.43,1305.81,1306.24
230,SUCCESS,Datacenter_9,9,2.86,1343.81,1346.67
13,SUCCESS,Datacenter_1,1,8,1299.1,1307.1
339,SUCCESS,Datacenter_9,9,0.43,1346.67,1347.1
557,SUCCESS,Datacenter_5,5,5.71,1331.81,1337.53
634,SUCCESS,Datacenter_5,15,2.86,1335.1,1337.96
57,SUCCESS,Datacenter_1,11,5.71,1302.53,1308.24
81,SUCCESS,Datacenter_6,6,5.71,1302.53,1308.24
110,SUCCESS,Datacenter_2,12,2.86,1305.39,1308.24
577,SUCCESS,Datacenter_7,17,5.71,1322.67,1328.39
967,SUCCESS,Datacenter_1,11,0.43,1308.24,1308.67
117,SUCCESS,Datacenter_2,2,5.71,1302.96,1308.67
873,SUCCESS,Datacenter_4,14,5.71,1302.96,1308.67
963,SUCCESS,Datacenter_1,11,0.43,1308.67,1309.1
886,SUCCESS,Datacenter_1,21,2.86,1306.24,1309.1
935,SUCCESS,Datacenter_2,2,0.43,1308.67,1309.1
881,SUCCESS,Datacenter_6,16,5.71,1303.39,1309.1
905,SUCCESS,Datacenter_8,8,5.71,1303.39,1309.1
649,SUCCESS,Datacenter_3,3,5.71,1343.53,1349.24
135,SUCCESS,Datacenter_2,2,0.43,1309.1,1309.53
730,SUCCESS,Datacenter_9,9,2.86,1347.1,1349.96
819,SUCCESS,Datacenter_9,9,0.43,1349.96,1350.39
770,SUCCESS,Datacenter_5,5,2.86,1337.53,1340.39
354,SUCCESS,Datacenter_5,15,2.86,1337.96,1340.81
49,SUCCESS,Datacenter_8,18,5.71,1305.39,1311.1
226,SUCCESS,Datacenter_7,17,2.86,1328.39,1331.24
771,SUCCESS,Datacenter_5,15,0.43,1340.81,1341.24
93,SUCCESS,Datacenter_4,4,5.71,1305.81,1311.53
930,SUCCESS,Datacenter_4,14,2.86,1308.67,1311.53
71,SUCCESS,Datacenter_8,18,0.43,1311.1,1311.53
437,SUCCESS,Datacenter_7,7,5.71,1325.96,1331.67
755,SUCCESS,Datacenter_5,15,0.43,1341.24,1341.67
58,SUCCESS,Datacenter_1,11,2.86,1309.1,1311.95
111,SUCCESS,Datacenter_4,14,0.43,1311.53,1311.96
74,SUCCESS,Datacenter_6,16,2.86,1309.1,1311.96
515,SUCCESS,Datacenter_5,15,0.43,1341.67,1342.1
102,SUCCESS,Datacenter_2,2,2.86,1309.53,1312.39
743,SUCCESS,Datacenter_5,15,0.43,1342.1,1342.53
716,SUCCESS,Datacenter_5,15,0.29,1342.53,1342.81
580,SUCCESS,Datacenter_5,15,0.29,1342.81,1343.1
550,SUCCESS,Datacenter_9,9,2.86,1350.39,1353.24
494,SUCCESS,Datacenter_5,5,2.86,1340.39,1343.24
844,SUCCESS,Datacenter_5,15,0.29,1343.1,1343.39
611,SUCCESS,Datacenter_9,9,0.43,1353.24,1353.67
355,SUCCESS,Datacenter_5,5,0.43,1343.24,1343.67
452,SUCCESS,Datacenter_5,15,0.29,1343.39,1343.67
876,SUCCESS,Datacenter_5,15,0.29,1343.67,1343.96
765,SUCCESS,Datacenter_2,12,5.71,1308.24,1313.96
909,SUCCESS,Datacenter_6,6,5.71,1308.24,1313.96
535,SUCCESS,Datacenter_9,9,0.43,1353.67,1354.1
196,SUCCESS,Datacenter_5,15,0.29,1343.96,1344.24
63,SUCCESS,Datacenter_6,6,0.43,1313.96,1314.39
735,SUCCESS,Datacenter_9,9,0.43,1354.1,1354.53
176,SUCCESS,Datacenter_5,15,0.29,1344.24,1344.53
689,SUCCESS,Datacenter_1,21,5.71,1309.1,1314.81
172,SUCCESS,Datacenter_5,15,0.29,1344.53,1344.81
86,SUCCESS,Datacenter_4,14,2.86,1311.96,1314.81
893,SUCCESS,Datacenter_8,8,5.71,1309.1,1314.81
613,SUCCESS,Datacenter_3,3,5.71,1349.24,1354.96
527,SUCCESS,Datacenter_9,9,0.43,1354.53,1354.96
969,SUCCESS,Datacenter_1,1,8,1307.1,1315.1
36,SUCCESS,Datacenter_5,15,0.29,1344.81,1345.1
879,SUCCESS,Datacenter_1,21,0.43,1314.81,1315.24
127,SUCCESS,Datacenter_4,14,0.43,1314.81,1315.24
507,SUCCESS,Datacenter_9,9,0.43,1354.96,1355.39
684,SUCCESS,Datacenter_9,9,0.29,1355.39,1355.67
656,SUCCESS,Datacenter_9,9,0.29,1355.67,1355.96
608,SUCCESS,Datacenter_9,9,0.29,1355.96,1356.24
572,SUCCESS,Datacenter_9,9,0.29,1356.24,1356.53
434,SUCCESS,Datacenter_5,5,2.86,1343.67,1346.53
328,SUCCESS,Datacenter_9,9,0.29,1356.53,1356.81
461,SUCCESS,Datacenter_7,17,5.71,1331.24,1336.96
288,SUCCESS,Datacenter_9,9,0.29,1356.81,1357.1
101,SUCCESS,Datacenter_4,4,5.71,1311.53,1317.24
50,SUCCESS,Datacenter_6,6,2.86,1314.39,1317.24
121,SUCCESS,Datacenter_8,18,5.71,1311.53,1317.24
252,SUCCESS,Datacenter_9,9,0.29,1357.1,1357.39
529,SUCCESS,Datacenter_7,7,5.71,1331.67,1337.39
843,SUCCESS,Datacenter_7,17,0.43,1336.96,1337.39
857,SUCCESS,Datacenter_1,11,5.71,1311.95,1317.67
224,SUCCESS,Datacenter_9,9,0.29,1357.39,1357.67
157,SUCCESS,Datacenter_6,16,5.71,1311.96,1317.67
120,SUCCESS,Datacenter_9,9,0.29,1357.67,1357.96
729,SUCCESS,Datacenter_2,2,5.71,1312.39,1318.1
94,SUCCESS,Datacenter_4,14,2.86,1315.24,1318.1
92,SUCCESS,Datacenter_9,9,0.29,1357.96,1358.24
34,SUCCESS,Datacenter_1,1,4,1315.1,1319.09
582,SUCCESS,Datacenter_5,5,2.86,1346.53,1349.39
749,SUCCESS,Datacenter_2,12,5.71,1313.96,1319.67
51,SUCCESS,Datacenter_1,1,0.6,1319.09,1319.69
938,SUCCESS,Datacenter_4,4,2.86,1317.24,1320.1
922,SUCCESS,Datacenter_8,18,2.86,1317.24,1320.1
754,SUCCESS,Datacenter_7,17,2.86,1337.39,1340.24
955,SUCCESS,Datacenter_4,4,0.43,1320.1,1320.53
106,SUCCESS,Datacenter_6,16,2.86,1317.67,1320.53
869,SUCCESS,Datacenter_8,8,5.71,1314.81,1320.53
565,SUCCESS,Datacenter_3,3,5.71,1354.96,1360.67
625,SUCCESS,Datacenter_1,21,5.71,1315.24,1320.95
147,SUCCESS,Datacenter_6,16,0.43,1320.53,1320.96
402,SUCCESS,Datacenter_5,5,2.86,1349.39,1352.24
799,SUCCESS,Datacenter_5,5,0.43,1352.24,1352.67
109,SUCCESS,Datacenter_6,6,5.71,1317.24,1322.96
98,SUCCESS,Datacenter_8,18,2.86,1320.1,1322.96
477,SUCCESS,Datacenter_7,7,5.71,1337.39,1343.1
490,SUCCESS,Datacenter_7,17,2.86,1340.24,1343.1
145,SUCCESS,Datacenter_1,11,5.71,1317.67,1323.38
151,SUCCESS,Datacenter_8,18,0.43,1322.96,1323.39
66,SUCCESS,Datacenter_4,4,2.86,1320.53,1323.39
194,SUCCESS,Datacenter_1,21,2.86,1320.95,1323.81
197,SUCCESS,Datacenter_4,14,5.71,1318.1,1323.81
882,SUCCESS,Datacenter_6,16,2.86,1320.96,1323.81
717,SUCCESS,Datacenter_2,2,5.71,1318.1,1323.81
931,SUCCESS,Datacenter_4,14,0.43,1323.81,1324.24
281,SUCCESS,Datacenter_2,12,5.71,1319.67,1325.39
306,SUCCESS,Datacenter_5,5,2.86,1352.67,1355.53
390,SUCCESS,Datacenter_7,17,2.86,1343.1,1345.96
133,SUCCESS,Datacenter_8,8,5.71,1320.53,1326.24
874,SUCCESS,Datacenter_8,18,2.86,1323.39,1326.24
553,SUCCESS,Datacenter_3,3,5.71,1360.67,1366.39
802,SUCCESS,Datacenter_1,21,2.86,1323.81,1326.67
171,SUCCESS,Datacenter_8,18,0.43,1326.24,1326.67
847,SUCCESS,Datacenter_3,3,0.43,1366.39,1366.81
311,SUCCESS,Datacenter_3,3,0.43,1366.81,1367.24
921,SUCCESS,Datacenter_1,1,8,1319.69,1327.69
310,SUCCESS,Datacenter_5,5,2.86,1355.53,1358.39
113,SUCCESS,Datacenter_6,6,5.71,1322.96,1328.67
481,SUCCESS,Datacenter_7,7,5.71,1343.1,1348.81
618,SUCCESS,Datacenter_7,17,2.86,1345.96,1348.81
419,SUCCESS,Datacenter_5,5,0.43,1358.39,1358.81
153,SUCCESS,Datacenter_1,11,5.71,1323.38,1329.1
173,SUCCESS,Datacenter_4,4,5.71,1323.39,1329.1
775,SUCCESS,Datacenter_5,5,0.43,1358.81,1359.24
798,SUCCESS,Datacenter_1,21,2.86,1326.67,1329.52
923,SUCCESS,Datacenter_4,4,0.43,1329.1,1329.53
237,SUCCESS,Datacenter_6,16,5.71,1323.81,1329.53
673,SUCCESS,Datacenter_2,2,5.71,1323.81,1329.53
655,SUCCESS,Datacenter_5,5,0.43,1359.24,1359.67
863,SUCCESS,Datacenter_1,21,0.43,1329.52,1329.95
781,SUCCESS,Datacenter_4,14,5.71,1324.24,1329.96
175,SUCCESS,Datacenter_6,16,0.43,1329.53,1329.96
231,SUCCESS,Datacenter_2,2,0.43,1329.53,1329.96
538,SUCCESS,Datacenter_3,3,2.86,1367.24,1370.1
459,SUCCESS,Datacenter_5,5,0.43,1359.67,1360.1
559,SUCCESS,Datacenter_5,5,0.43,1360.1,1360.53
832,SUCCESS,Datacenter_5,5,0.29,1360.53,1360.81
364,SUCCESS,Datacenter_5,5,0.29,1360.81,1361.1
701,SUCCESS,Datacenter_2,12,5.71,1325.39,1331.1
360,SUCCESS,Datacenter_5,5,0.29,1361.1,1361.39
276,SUCCESS,Datacenter_5,5,0.29,1361.39,1361.67
686,SUCCESS,Datacenter_7,17,2.86,1348.81,1351.67
950,SUCCESS,Datacenter_1,1,4,1327.69,1331.69
78,SUCCESS,Datacenter_1,11,2.86,1329.1,1331.95
248,SUCCESS,Datacenter_5,5,0.29,1361.67,1361.96
849,SUCCESS,Datacenter_8,8,5.71,1326.24,1331.96
216,SUCCESS,Datacenter_5,5,0.29,1361.96,1362.24
878,SUCCESS,Datacenter_4,4,2.86,1329.53,1332.39
737,SUCCESS,Datacenter_8,18,5.71,1326.67,1332.39
964,SUCCESS,Datacenter_5,5,0.29,1362.24,1362.53
526,SUCCESS,Datacenter_1,21,2.86,1329.95,1332.81
52,SUCCESS,Datacenter_5,5,0.29,1362.53,1362.81
174,SUCCESS,Datacenter_2,2,2.86,1329.96,1332.81
450,SUCCESS,Datacenter_3,3,2.86,1370.1,1372.96
375,SUCCESS,Datacenter_3,3,0.43,1372.96,1373.39
150,SUCCESS,Datacenter_2,12,2.86,1331.1,1333.96
853,SUCCESS,Datacenter_6,6,5.71,1328.67,1334.39
509,SUCCESS,Datacenter_7,7,5.71,1348.81,1354.53
630,SUCCESS,Datacenter_7,17,2.86,1351.67,1354.53
914,SUCCESS,Datacenter_1,11,2.86,1331.95,1334.81
734,SUCCESS,Datacenter_1,21,2.86,1332.81,1335.67
725,SUCCESS,Datacenter_4,14,5.71,1329.96,1335.67
277,SUCCESS,Datacenter_6,16,5.71,1329.96,1335.67
806,SUCCESS,Datacenter_2,2,2.86,1332.81,1335.67
815,SUCCESS,Datacenter_1,21,0.43,1335.67,1336.1
191,SUCCESS,Datacenter_6,16,0.43,1335.67,1336.1
566,SUCCESS,Datacenter_3,3,2.86,1373.39,1376.24
638,SUCCESS,Datacenter_7,17,2.86,1354.53,1357.39
845,SUCCESS,Datacenter_8,8,5.71,1331.96,1337.67
245,SUCCESS,Datacenter_4,4,5.71,1332.39,1338.1
939,SUCCESS,Datacenter_8,8,0.43,1337.67,1338.1
297,SUCCESS,Datacenter_8,18,5.71,1332.39,1338.1
562,SUCCESS,Datacenter_1,21,2.86,1336.1,1338.95
590,SUCCESS,Datacenter_3,3,2.86,1376.24,1379.1
415,SUCCESS,Datacenter_3,3,0.43,1379.1,1379.53
345,SUCCESS,Datacenter_2,12,5.71,1333.96,1339.67
865,SUCCESS,Datacenter_1,1,8,1331.69,1339.69
841,SUCCESS,Datacenter_6,6,5.71,1334.39,1340.1
493,SUCCESS,Datacenter_7,7,5.71,1354.53,1360.24
642,SUCCESS,Datacenter_7,17,2.86,1357.39,1360.24
817,SUCCESS,Datacenter_1,11,5.71,1334.81,1340.52
647,SUCCESS,Datacenter_7,17,0.43,1360.24,1360.67
842,SUCCESS,Datacenter_8,18,2.86,1338.1,1340.96
635,SUCCESS,Datacenter_7,17,0.43,1360.67,1361.1
692,SUCCESS,Datacenter_7,17,0.29,1361.1,1361.39
705,SUCCESS,Datacenter_4,14,5.71,1335.67,1341.39
393,SUCCESS,Datacenter_2,2,5.71,1335.67,1341.39
688,SUCCESS,Datacenter_7,17,0.29,1361.39,1361.67
718,SUCCESS,Datacenter_1,21,2.86,1338.95,1341.81
899,SUCCESS,Datacenter_4,14,0.43,1341.39,1341.81
713,SUCCESS,Datacenter_6,16,5.71,1336.1,1341.81
792,SUCCESS,Datacenter_7,17,0.29,1361.67,1361.96
568,SUCCESS,Datacenter_7,17,0.29,1361.96,1362.24
203,SUCCESS,Datacenter_4,14,0.43,1341.81,1342.24
358,SUCCESS,Datacenter_3,3,2.86,1379.53,1382.39
528,SUCCESS,Datacenter_7,17,0.29,1362.24,1362.53
891,SUCCESS,Datacenter_4,14,0.43,1342.24,1342.67
828,SUCCESS,Datacenter_7,17,0.29,1362.53,1362.81
498,SUCCESS,Datacenter_7,7,2.86,1360.24,1363.1
392,SUCCESS,Datacenter_7,17,0.29,1362.81,1363.1
906,SUCCESS,Datacenter_1,11,2.86,1340.52,1343.38
260,SUCCESS,Datacenter_7,17,0.29,1363.1,1363.39
952,SUCCESS,Datacenter_7,17,0.29,1363.39,1363.67
269,SUCCESS,Datacenter_4,4,5.71,1338.1,1343.81
189,SUCCESS,Datacenter_8,8,5.71,1338.1,1343.81
88,SUCCESS,Datacenter_7,17,0.29,1363.67,1363.96
8,SUCCESS,Datacenter_7,17,0.29,1363.96,1364.24
907,SUCCESS,Datacenter_4,4,0.43,1343.81,1344.24
206,SUCCESS,Datacenter_2,2,2.86,1341.39,1344.24
602,SUCCESS,Datacenter_1,21,2.86,1341.81,1344.67
650,SUCCESS,Datacenter_3,3,2.86,1382.39,1385.24
357,SUCCESS,Datacenter_2,12,5.71,1339.67,1345.39
779,SUCCESS,Datacenter_3,3,0.43,1385.24,1385.67
165,SUCCESS,Datacenter_6,6,5.71,1340.1,1345.81
502,SUCCESS,Datacenter_7,7,2.86,1363.1,1365.96
687,SUCCESS,Datacenter_3,3,0.43,1385.67,1386.1
503,SUCCESS,Datacenter_3,3,0.43,1386.1,1386.53
353,SUCCESS,Datacenter_8,18,5.71,1340.96,1346.67
768,SUCCESS,Datacenter_3,3,0.29,1386.53,1386.81
676,SUCCESS,Datacenter_3,3,0.29,1386.81,1387.1
800,SUCCESS,Datacenter_3,3,0.29,1387.1,1387.39
610,SUCCESS,Datacenter_1,21,2.86,1344.67,1347.52
289,SUCCESS,Datacenter_6,16,5.71,1341.81,1347.53
532,SUCCESS,Datacenter_3,3,0.29,1387.39,1387.67
829,SUCCESS,Datacenter_1,1,8,1339.69,1347.69
492,SUCCESS,Datacenter_3,3,0.29,1387.67,1387.96
836,SUCCESS,Datacenter_3,3,0.29,1387.96,1388.24
661,SUCCESS,Datacenter_4,14,5.71,1342.67,1348.39
868,SUCCESS,Datacenter_3,3,0.29,1388.24,1388.53
880,SUCCESS,Datacenter_3,3,0.29,1388.53,1388.81
486,SUCCESS,Datacenter_7,7,2.86,1365.96,1368.81
797,SUCCESS,Datacenter_1,11,5.71,1343.38,1349.09
280,SUCCESS,Datacenter_3,3,0.29,1388.81,1389.1
168,SUCCESS,Datacenter_3,3,0.29,1389.1,1389.39
809,SUCCESS,Datacenter_8,8,5.71,1343.81,1349.53
136,SUCCESS,Datacenter_3,3,0.29,1389.39,1389.67
976,SUCCESS,Datacenter_3,3,0.29,1389.67,1389.96
589,SUCCESS,Datacenter_4,4,5.71,1344.24,1349.96
449,SUCCESS,Datacenter_2,2,5.71,1344.24,1349.96
40,SUCCESS,Datacenter_3,3,0.29,1389.96,1390.24
646,SUCCESS,Datacenter_1,21,2.86,1347.52,1350.38
859,SUCCESS,Datacenter_4,4,0.43,1349.96,1350.39
283,SUCCESS,Datacenter_4,4,0.43,1350.39,1350.81
369,SUCCESS,Datacenter_2,12,5.71,1345.39,1351.1
833,SUCCESS,Datacenter_6,6,5.71,1345.81,1351.53
258,SUCCESS,Datacenter_7,7,2.86,1368.81,1371.67
910,SUCCESS,Datacenter_1,1,4,1347.69,1351.69
633,SUCCESS,Datacenter_8,18,5.71,1346.67,1352.39
255,SUCCESS,Datacenter_8,18,0.43,1352.39,1352.81
350,SUCCESS,Datacenter_1,21,2.86,1350.38,1353.24
685,SUCCESS,Datacenter_6,16,5.71,1347.53,1353.24
239,SUCCESS,Datacenter_6,16,0.43,1353.24,1353.67
349,SUCCESS,Datacenter_4,14,5.71,1348.39,1354.1
82,SUCCESS,Datacenter_6,6,2.86,1351.53,1354.39
262,SUCCESS,Datacenter_7,7,2.86,1371.67,1374.53
271,SUCCESS,Datacenter_4,14,0.43,1354.1,1354.53
217,SUCCESS,Datacenter_1,11,5.71,1349.09,1354.81
367,SUCCESS,Datacenter_7,7,0.43,1374.53,1374.96
179,SUCCESS,Datacenter_1,11,0.43,1354.81,1355.24
193,SUCCESS,Datacenter_8,8,5.71,1349.53,1355.24
521,SUCCESS,Datacenter_2,2,5.71,1349.96,1355.67
674,SUCCESS,Datacenter_1,21,2.86,1353.24,1356.09
429,SUCCESS,Datacenter_4,4,5.71,1350.81,1356.53
190,SUCCESS,Datacenter_6,16,2.86,1353.67,1356.53
629,SUCCESS,Datacenter_2,12,5.71,1351.1,1356.81
871,SUCCESS,Datacenter_6,16,0.43,1356.53,1356.96
259,SUCCESS,Datacenter_6,16,0.43,1356.96,1357.39
586,SUCCESS,Datacenter_7,7,2.86,1374.96,1377.81
411,SUCCESS,Datacenter_7,7,0.43,1377.81,1378.24
401,SUCCESS,Datacenter_8,18,5.71,1352.81,1358.53
658,SUCCESS,Datacenter_1,21,2.86,1356.09,1358.95
667,SUCCESS,Datacenter_1,21,0.43,1358.95,1359.38
214,SUCCESS,Datacenter_4,4,2.86,1356.53,1359.39
205,SUCCESS,Datacenter_1,1,8,1351.69,1359.69
651,SUCCESS,Datacenter_1,21,0.43,1359.38,1359.81
299,SUCCESS,Datacenter_4,4,0.43,1359.39,1359.81
821,SUCCESS,Datacenter_6,6,5.71,1354.39,1360.1
563,SUCCESS,Datacenter_1,21,0.43,1359.81,1360.24
421,SUCCESS,Datacenter_4,14,5.71,1354.53,1360.24
719,SUCCESS,Datacenter_1,21,0.43,1360.24,1360.67
361,SUCCESS,Datacenter_1,11,5.71,1355.24,1360.95
793,SUCCESS,Datacenter_8,8,5.71,1355.24,1360.96
519,SUCCESS,Datacenter_1,21,0.43,1360.67,1361.09
690,SUCCESS,Datacenter_7,7,2.86,1378.24,1381.1
756,SUCCESS,Datacenter_1,21,0.29,1361.09,1361.38
489,SUCCESS,Datacenter_2,2,5.71,1355.67,1361.39
728,SUCCESS,Datacenter_1,21,0.29,1361.38,1361.67
335,SUCCESS,Datacenter_2,2,0.43,1361.39,1361.81
720,SUCCESS,Datacenter_1,21,0.29,1361.67,1361.95
704,SUCCESS,Datacenter_1,21,0.29,1361.95,1362.24
772,SUCCESS,Datacenter_1,21,0.29,1362.24,1362.52
373,SUCCESS,Datacenter_2,12,5.71,1356.81,1362.53
620,SUCCESS,Datacenter_1,21,0.29,1362.52,1362.81
251,SUCCESS,Datacenter_2,12,0.43,1362.53,1362.96
508,SUCCESS,Datacenter_1,21,0.29,1362.81,1363.09
222,SUCCESS,Datacenter_4,14,2.86,1360.24,1363.1
609,SUCCESS,Datacenter_6,16,5.71,1357.39,1363.1
496,SUCCESS,Datacenter_1,21,0.29,1363.09,1363.38
303,SUCCESS,Datacenter_4,14,0.43,1363.1,1363.53
480,SUCCESS,Datacenter_1,21,0.29,1363.38,1363.67
464,SUCCESS,Datacenter_1,21,0.29,1363.67,1363.95
626,SUCCESS,Datacenter_7,7,2.86,1381.1,1383.96
315,SUCCESS,Datacenter_4,14,0.43,1363.53,1363.96
436,SUCCESS,Datacenter_1,21,0.29,1363.95,1364.24
593,SUCCESS,Datacenter_8,18,5.71,1358.53,1364.24
388,SUCCESS,Datacenter_1,21,0.29,1364.24,1364.52
266,SUCCESS,Datacenter_2,2,2.86,1361.81,1364.67
384,SUCCESS,Datacenter_1,21,0.29,1364.52,1364.81
304,SUCCESS,Datacenter_1,21,0.29,1364.81,1365.09
387,SUCCESS,Datacenter_2,2,0.43,1364.67,1365.1
256,SUCCESS,Datacenter_1,21,0.29,1365.09,1365.38
457,SUCCESS,Datacenter_4,4,5.71,1359.81,1365.53
236,SUCCESS,Datacenter_1,21,0.29,1365.38,1365.67
813,SUCCESS,Datacenter_6,6,5.71,1360.1,1365.81
928,SUCCESS,Datacenter_1,21,0.29,1365.67,1365.95
202,SUCCESS,Datacenter_6,16,2.86,1363.1,1365.96
996,SUCCESS,Datacenter_1,21,0.29,1365.95,1366.24
405,SUCCESS,Datacenter_1,11,5.71,1360.95,1366.67
229,SUCCESS,Datacenter_8,8,5.71,1360.96,1366.67
682,SUCCESS,Datacenter_7,7,2.86,1383.96,1386.81
293,SUCCESS,Datacenter_1,1,8,1359.69,1367.69
418,SUCCESS,Datacenter_2,2,2.86,1365.1,1367.96
712,SUCCESS,Datacenter_2,2,0.29,1367.96,1368.24
474,SUCCESS,Datacenter_4,4,2.86,1365.53,1368.39
660,SUCCESS,Datacenter_2,2,0.29,1368.24,1368.53
898,SUCCESS,Datacenter_6,6,2.86,1365.81,1368.67
377,SUCCESS,Datacenter_2,12,5.71,1362.96,1368.67
516,SUCCESS,Datacenter_2,2,0.29,1368.53,1368.81
484,SUCCESS,Datacenter_2,2,0.29,1368.81,1369.1
476,SUCCESS,Datacenter_2,2,0.29,1369.1,1369.39
794,SUCCESS,Datacenter_1,11,2.86,1366.67,1369.52
666,SUCCESS,Datacenter_7,7,2.86,1386.81,1389.67
517,SUCCESS,Datacenter_4,14,5.71,1363.96,1369.67
400,SUCCESS,Datacenter_2,2,0.29,1369.39,1369.67
425,SUCCESS,Datacenter_8,18,5.71,1364.24,1369.96
380,SUCCESS,Datacenter_2,2,0.29,1369.67,1369.96
683,SUCCESS,Datacenter_7,7,0.43,1389.67,1390.1
924,SUCCESS,Datacenter_2,2,0.29,1369.96,1370.24
603,SUCCESS,Datacenter_7,7,0.43,1390.1,1390.53
204,SUCCESS,Datacenter_2,2,0.29,1370.24,1370.53
152,SUCCESS,Datacenter_2,2,0.29,1370.53,1370.81
703,SUCCESS,Datacenter_7,7,0.43,1390.53,1390.96
980,SUCCESS,Datacenter_2,2,0.29,1370.81,1371.1
462,SUCCESS,Datacenter_4,4,2.86,1368.39,1371.24
707,SUCCESS,Datacenter_7,7,0.43,1390.96,1391.39
984,SUCCESS,Datacenter_2,2,0.29,1371.1,1371.39
363,SUCCESS,Datacenter_4,4,0.43,1371.24,1371.67
988,SUCCESS,Datacenter_2,2,0.29,1371.39,1371.67
409,SUCCESS,Datacenter_6,16,5.71,1365.96,1371.67
579,SUCCESS,Datacenter_7,7,0.43,1391.39,1391.81
4,SUCCESS,Datacenter_2,2,0.29,1371.67,1371.96
711,SUCCESS,Datacenter_7,7,0.43,1391.81,1392.24
782,SUCCESS,Datacenter_1,11,2.86,1369.52,1372.38
241,SUCCESS,Datacenter_8,8,5.71,1366.67,1372.39
758,SUCCESS,Datacenter_4,14,2.86,1369.67,1372.53
551,SUCCESS,Datacenter_7,7,0.43,1392.24,1392.67
295,SUCCESS,Datacenter_1,11,0.43,1372.38,1372.81
218,SUCCESS,Datacenter_8,18,2.86,1369.96,1372.81
664,SUCCESS,Datacenter_7,7,0.29,1392.67,1392.96
343,SUCCESS,Datacenter_4,14,0.43,1372.53,1372.96
592,SUCCESS,Datacenter_7,7,0.29,1392.96,1393.24
812,SUCCESS,Datacenter_7,7,0.29,1393.24,1393.53
816,SUCCESS,Datacenter_7,7,0.29,1393.53,1393.81
524,SUCCESS,Datacenter_7,7,0.29,1393.81,1394.1
396,SUCCESS,Datacenter_7,7,0.29,1394.1,1394.39
417,SUCCESS,Datacenter_2,12,5.71,1368.67,1374.39
233,SUCCESS,Datacenter_6,6,5.71,1368.67,1374.39
558,SUCCESS,Datacenter_4,4,2.86,1371.67,1374.53
312,SUCCESS,Datacenter_7,7,0.29,1394.39,1394.67
791,SUCCESS,Datacenter_4,4,0.43,1374.53,1374.96
134,SUCCESS,Datacenter_8,8,2.86,1372.39,1375.24
903,SUCCESS,Datacenter_8,8,0.43,1375.24,1375.67
697,SUCCESS,Datacenter_1,1,8,1367.69,1375.69
742,SUCCESS,Datacenter_4,14,2.86,1372.96,1375.81
207,SUCCESS,Datacenter_8,8,0.43,1375.67,1376.1
790,SUCCESS,Datacenter_2,12,2.86,1374.39,1377.24
445,SUCCESS,Datacenter_6,16,5.71,1371.67,1377.39
287,SUCCESS,Datacenter_2,12,0.43,1377.24,1377.67
370,SUCCESS,Datacenter_4,4,2.86,1374.96,1377.81
607,SUCCESS,Datacenter_4,4,0.43,1377.81,1378.24
541,SUCCESS,Datacenter_1,11,5.71,1372.81,1378.52
545,SUCCESS,Datacenter_8,18,5.71,1372.81,1378.53
587,SUCCESS,Datacenter_4,4,0.43,1378.24,1378.67
522,SUCCESS,Datacenter_4,14,2.86,1375.81,1378.67
830,SUCCESS,Datacenter_8,8,2.86,1376.1,1378.96
839,SUCCESS,Datacenter_8,18,0.43,1378.53,1378.96
575,SUCCESS,Datacenter_4,4,0.43,1378.67,1379.1
823,SUCCESS,Datacenter_4,14,0.43,1378.67,1379.1
327,SUCCESS,Datacenter_8,18,0.43,1378.96,1379.39
727,SUCCESS,Datacenter_4,4,0.43,1379.1,1379.53
359,SUCCESS,Datacenter_4,14,0.43,1379.1,1379.53
495,SUCCESS,Datacenter_4,4,0.43,1379.53,1379.96
753,SUCCESS,Datacenter_6,6,5.71,1374.39,1380.1
234,SUCCESS,Datacenter_6,16,2.86,1377.39,1380.24
511,SUCCESS,Datacenter_4,4,0.43,1379.96,1380.39
323,SUCCESS,Datacenter_6,16,0.43,1380.24,1380.67
499,SUCCESS,Datacenter_4,4,0.43,1380.39,1380.81
760,SUCCESS,Datacenter_4,4,0.29,1380.81,1381.1
696,SUCCESS,Datacenter_4,4,0.29,1381.1,1381.39
652,SUCCESS,Datacenter_4,4,0.29,1381.39,1381.67
784,SUCCESS,Datacenter_4,4,0.29,1381.67,1381.96
576,SUCCESS,Datacenter_4,4,0.29,1381.96,1382.24
506,SUCCESS,Datacenter_8,18,2.86,1379.39,1382.24
422,SUCCESS,Datacenter_4,14,2.86,1379.53,1382.39
540,SUCCESS,Datacenter_4,4,0.29,1382.24,1382.53
856,SUCCESS,Datacenter_4,4,0.29,1382.53,1382.81
122,SUCCESS,Datacenter_6,6,2.86,1380.1,1382.96
864,SUCCESS,Datacenter_4,4,0.29,1382.81,1383.1
404,SUCCESS,Datacenter_4,4,0.29,1383.1,1383.39
485,SUCCESS,Datacenter_2,12,5.71,1377.67,1383.39
242,SUCCESS,Datacenter_6,16,2.86,1380.67,1383.53
356,SUCCESS,Datacenter_4,4,0.29,1383.39,1383.67
313,SUCCESS,Datacenter_1,1,8,1375.69,1383.69
348,SUCCESS,Datacenter_4,4,0.29,1383.67,1383.96
465,SUCCESS,Datacenter_1,11,5.71,1378.52,1384.24
900,SUCCESS,Datacenter_4,4,0.29,1383.96,1384.24
188,SUCCESS,Datacenter_4,4,0.29,1384.24,1384.53
645,SUCCESS,Datacenter_8,8,5.71,1378.96,1384.67
944,SUCCESS,Datacenter_4,4,0.29,1384.53,1384.81
518,SUCCESS,Datacenter_8,18,2.86,1382.24,1385.1
410,SUCCESS,Datacenter_4,14,2.86,1382.39,1385.24
347,SUCCESS,Datacenter_8,18,0.43,1385.1,1385.53
423,SUCCESS,Datacenter_4,14,0.43,1385.24,1385.67
126,SUCCESS,Datacenter_6,6,2.86,1382.96,1385.81
466,SUCCESS,Datacenter_2,12,2.86,1383.39,1386.24
766,SUCCESS,Datacenter_1,11,2.86,1384.24,1387.09
274,SUCCESS,Datacenter_8,18,2.86,1385.53,1388.39
318,SUCCESS,Datacenter_4,14,2.86,1385.67,1388.53
426,SUCCESS,Datacenter_2,12,2.86,1386.24,1389.1
497,SUCCESS,Datacenter_6,16,5.71,1383.53,1389.24
795,SUCCESS,Datacenter_2,12,0.43,1389.1,1389.53
750,SUCCESS,Datacenter_1,11,2.86,1387.09,1389.95
641,SUCCESS,Datacenter_8,8,5.71,1384.67,1390.39
594,SUCCESS,Datacenter_8,18,2.86,1388.39,1391.24
322,SUCCESS,Datacenter_4,14,2.86,1388.53,1391.39
741,SUCCESS,Datacenter_6,6,5.71,1385.81,1391.53
681,SUCCESS,Datacenter_1,1,8,1383.69,1391.69
455,SUCCESS,Datacenter_4,14,0.43,1391.39,1391.81
471,SUCCESS,Datacenter_4,14,0.43,1391.81,1392.24
223,SUCCESS,Datacenter_1,1,0.6,1391.69,1392.29
7,SUCCESS,Datacenter_0,0,1.2,1341.1,1342.3
362,SUCCESS,Datacenter_2,12,2.86,1389.53,1392.39
531,SUCCESS,Datacenter_4,14,0.43,1392.24,1392.67
458,SUCCESS,Datacenter_1,11,2.86,1389.95,1392.81
619,SUCCESS,Datacenter_2,12,0.43,1392.39,1392.81
887,SUCCESS,Datacenter_1,1,0.63,1392.29,1392.92
788,SUCCESS,Datacenter_4,14,0.29,1392.67,1392.96
632,SUCCESS,Datacenter_4,14,0.29,1392.96,1393.24
814,SUCCESS,Datacenter_8,8,2.86,1390.39,1393.24
571,SUCCESS,Datacenter_2,12,0.43,1392.81,1393.24
991,SUCCESS,Datacenter_0,0,1.2,1342.3,1343.5
544,SUCCESS,Datacenter_4,14,0.29,1393.24,1393.53
715,SUCCESS,Datacenter_2,12,0.43,1393.24,1393.67
536,SUCCESS,Datacenter_4,14,0.29,1393.53,1393.81
2,SUCCESS,Datacenter_0,10,2.86,1341.1,1343.96
994,SUCCESS,Datacenter_0,20,2.86,1341.1,1343.96
520,SUCCESS,Datacenter_4,14,0.29,1393.81,1394.1
702,SUCCESS,Datacenter_8,18,2.86,1391.24,1394.1
731,SUCCESS,Datacenter_2,12,0.43,1393.67,1394.1
852,SUCCESS,Datacenter_4,14,0.29,1394.1,1394.39
858,SUCCESS,Datacenter_6,6,2.86,1391.53,1394.39
11,SUCCESS,Datacenter_0,20,0.43,1343.96,1344.39
631,SUCCESS,Datacenter_8,18,0.43,1394.1,1394.53
747,SUCCESS,Datacenter_2,12,0.43,1394.1,1394.53
324,SUCCESS,Datacenter_4,14,0.29,1394.39,1394.67
752,SUCCESS,Datacenter_2,12,0.29,1394.53,1394.81
284,SUCCESS,Datacenter_4,14,0.29,1394.67,1394.96
699,SUCCESS,Datacenter_8,18,0.43,1394.53,1394.96
501,SUCCESS,Datacenter_6,16,5.71,1389.24,1394.96
672,SUCCESS,Datacenter_2,12,0.29,1394.81,1395.1
912,SUCCESS,Datacenter_4,14,0.29,1394.96,1395.24
467,SUCCESS,Datacenter_8,18,0.43,1394.96,1395.39
604,SUCCESS,Datacenter_2,12,0.29,1395.1,1395.39
140,SUCCESS,Datacenter_4,14,0.29,1395.24,1395.53
714,SUCCESS,Datacenter_1,11,2.86,1392.81,1395.67
584,SUCCESS,Datacenter_2,12,0.29,1395.39,1395.67
128,SUCCESS,Datacenter_4,14,0.29,1395.53,1395.81
555,SUCCESS,Datacenter_8,18,0.43,1395.39,1395.81
564,SUCCESS,Datacenter_2,12,0.29,1395.67,1395.96
391,SUCCESS,Datacenter_1,11,0.43,1395.67,1396.09
104,SUCCESS,Datacenter_4,14,0.29,1395.81,1396.1
739,SUCCESS,Datacenter_8,18,0.43,1395.81,1396.24
556,SUCCESS,Datacenter_2,12,0.29,1395.96,1396.24
76,SUCCESS,Datacenter_4,14,0.29,1396.1,1396.39
764,SUCCESS,Datacenter_8,18,0.29,1396.24,1396.53
500,SUCCESS,Datacenter_2,12,0.29,1396.24,1396.53
808,SUCCESS,Datacenter_8,18,0.29,1396.53,1396.81
372,SUCCESS,Datacenter_2,12,0.29,1396.53,1396.81
990,SUCCESS,Datacenter_0,10,2.86,1343.96,1346.81
416,SUCCESS,Datacenter_8,18,0.29,1396.81,1397.1
300,SUCCESS,Datacenter_2,12,0.29,1396.81,1397.1
264,SUCCESS,Datacenter_8,18,0.29,1397.1,1397.39
904,SUCCESS,Datacenter_2,12,0.29,1397.1,1397.39
916,SUCCESS,Datacenter_8,18,0.29,1397.39,1397.67
164,SUCCESS,Datacenter_2,12,0.29,1397.39,1397.67
470,SUCCESS,Datacenter_6,16,2.86,1394.96,1397.81
208,SUCCESS,Datacenter_8,18,0.29,1397.67,1397.96
132,SUCCESS,Datacenter_2,12,0.29,1397.67,1397.96
116,SUCCESS,Datacenter_8,18,0.29,1397.96,1398.24
64,SUCCESS,Datacenter_8,18,0.29,1398.24,1398.53
24,SUCCESS,Datacenter_8,18,0.29,1398.53,1398.81
678,SUCCESS,Datacenter_1,11,2.86,1396.09,1398.95
573,SUCCESS,Datacenter_8,8,5.71,1393.24,1398.96
783,SUCCESS,Datacenter_1,11,0.43,1398.95,1399.38
14,SUCCESS,Datacenter_0,10,2.86,1346.81,1349.67
435,SUCCESS,Datacenter_1,11,0.43,1399.38,1399.81
637,SUCCESS,Datacenter_6,6,5.71,1394.39,1400.1
105,SUCCESS,Datacenter_0,20,5.71,1344.39,1350.1
542,SUCCESS,Datacenter_6,16,2.86,1397.81,1400.67
337,SUCCESS,Datacenter_1,1,8,1392.92,1400.92
227,SUCCESS,Datacenter_1,1,0.6,1400.92,1401.52
978,SUCCESS,Datacenter_0,10,2.86,1349.67,1352.53
670,SUCCESS,Datacenter_1,11,2.86,1399.81,1402.67
818,SUCCESS,Datacenter_6,6,2.86,1400.1,1402.96
270,SUCCESS,Datacenter_6,16,2.86,1400.67,1403.53
549,SUCCESS,Datacenter_8,8,5.71,1398.96,1404.67
170,SUCCESS,Datacenter_1,1,4,1401.52,1405.52
330,SUCCESS,Datacenter_1,11,2.96,1402.67,1405.63
141,SUCCESS,Datacenter_0,20,5.71,1350.1,1355.81
451,SUCCESS,Datacenter_1,11,0.43,1405.63,1406.06
883,SUCCESS,Datacenter_1,1,0.65,1405.52,1406.17
286,SUCCESS,Datacenter_6,16,2.86,1403.53,1406.39
679,SUCCESS,Datacenter_1,11,0.43,1406.06,1406.48
235,SUCCESS,Datacenter_1,1,0.6,1406.17,1406.76
407,SUCCESS,Datacenter_6,16,0.43,1406.39,1406.81
627,SUCCESS,Datacenter_1,11,0.43,1406.48,1406.91
483,SUCCESS,Datacenter_1,11,0.43,1406.91,1407.34
491,SUCCESS,Datacenter_1,11,0.43,1407.34,1407.77
523,SUCCESS,Datacenter_1,11,0.43,1407.77,1408.2
945,SUCCESS,Datacenter_0,10,5.71,1352.53,1358.24
776,SUCCESS,Datacenter_1,11,0.29,1408.2,1408.48
581,SUCCESS,Datacenter_6,6,5.71,1402.96,1408.67
600,SUCCESS,Datacenter_1,11,0.29,1408.48,1408.77
596,SUCCESS,Datacenter_1,11,0.29,1408.77,1409.06
840,SUCCESS,Datacenter_1,11,0.29,1409.06,1409.34
957,SUCCESS,Datacenter_0,0,16,1343.5,1359.5
428,SUCCESS,Datacenter_1,11,0.29,1409.34,1409.63
622,SUCCESS,Datacenter_6,16,2.86,1406.81,1409.67
872,SUCCESS,Datacenter_1,11,0.29,1409.63,1409.91
888,SUCCESS,Datacenter_1,11,0.29,1409.91,1410.2
453,SUCCESS,Datacenter_8,8,5.71,1404.67,1410.39
220,SUCCESS,Datacenter_1,11,0.29,1410.2,1410.48
184,SUCCESS,Datacenter_1,11,0.29,1410.48,1410.77
940,SUCCESS,Datacenter_1,11,0.29,1410.77,1411.06
966,SUCCESS,Datacenter_0,10,2.86,1358.24,1361.1
160,SUCCESS,Datacenter_1,11,0.29,1411.06,1411.34
161,SUCCESS,Datacenter_0,20,5.71,1355.81,1361.53
774,SUCCESS,Datacenter_6,6,2.86,1408.67,1411.53
156,SUCCESS,Datacenter_1,11,0.29,1411.34,1411.63
144,SUCCESS,Datacenter_1,11,0.29,1411.63,1411.91
351,SUCCESS,Datacenter_6,6,0.43,1411.53,1411.96
956,SUCCESS,Datacenter_1,11,0.29,1411.91,1412.2
960,SUCCESS,Datacenter_1,11,0.29,1412.2,1412.48
314,SUCCESS,Datacenter_6,16,2.86,1409.67,1412.53
431,SUCCESS,Datacenter_6,16,0.43,1412.53,1412.96
246,SUCCESS,Datacenter_8,8,2.86,1410.39,1413.24
831,SUCCESS,Datacenter_8,8,0.43,1413.24,1413.67
827,SUCCESS,Datacenter_8,8,0.43,1413.67,1414.1
399,SUCCESS,Datacenter_8,8,0.43,1414.1,1414.53
597,SUCCESS,Datacenter_1,1,8,1406.76,1414.76
726,SUCCESS,Datacenter_6,6,2.86,1411.96,1414.81
787,SUCCESS,Datacenter_8,8,0.43,1414.53,1414.96
654,SUCCESS,Datacenter_6,16,2.86,1412.96,1415.81
861,SUCCESS,Datacenter_0,10,5.71,1361.1,1366.81
103,SUCCESS,Datacenter_0,10,0.43,1366.81,1367.24
201,SUCCESS,Datacenter_0,20,5.71,1361.53,1367.24
414,SUCCESS,Datacenter_6,6,2.86,1414.81,1417.67
326,SUCCESS,Datacenter_8,8,2.86,1414.96,1417.81
599,SUCCESS,Datacenter_8,8,0.43,1417.81,1418.24
723,SUCCESS,Datacenter_8,8,0.43,1418.24,1418.67
342,SUCCESS,Datacenter_6,16,2.86,1415.81,1418.67
547,SUCCESS,Datacenter_8,8,0.43,1418.67,1419.1
691,SUCCESS,Datacenter_6,16,0.43,1418.67,1419.1
732,SUCCESS,Datacenter_8,8,0.29,1419.1,1419.39
724,SUCCESS,Datacenter_6,16,0.29,1419.1,1419.39
668,SUCCESS,Datacenter_8,8,0.29,1419.39,1419.67
624,SUCCESS,Datacenter_6,16,0.29,1419.39,1419.67
640,SUCCESS,Datacenter_8,8,0.29,1419.67,1419.96
504,SUCCESS,Datacenter_6,16,0.29,1419.67,1419.96
804,SUCCESS,Datacenter_8,8,0.29,1419.96,1420.24
848,SUCCESS,Datacenter_6,16,0.29,1419.96,1420.24
548,SUCCESS,Datacenter_8,8,0.29,1420.24,1420.53
406,SUCCESS,Datacenter_6,6,2.86,1417.67,1420.53
448,SUCCESS,Datacenter_6,16,0.29,1420.24,1420.53
824,SUCCESS,Datacenter_8,8,0.29,1420.53,1420.81
340,SUCCESS,Datacenter_6,16,0.29,1420.53,1420.81
368,SUCCESS,Datacenter_8,8,0.29,1420.81,1421.1
296,SUCCESS,Datacenter_6,16,0.29,1420.81,1421.1
352,SUCCESS,Datacenter_8,8,0.29,1421.1,1421.39
56,SUCCESS,Datacenter_6,16,0.29,1421.1,1421.39
316,SUCCESS,Datacenter_8,8,0.29,1421.39,1421.67
232,SUCCESS,Datacenter_8,8,0.29,1421.67,1421.96
124,SUCCESS,Datacenter_8,8,0.29,1421.96,1422.24
108,SUCCESS,Datacenter_8,8,0.29,1422.24,1422.53
569,SUCCESS,Datacenter_1,1,8,1414.76,1422.76
80,SUCCESS,Datacenter_8,8,0.29,1422.53,1422.81
169,SUCCESS,Datacenter_0,10,5.71,1367.24,1372.96
761,SUCCESS,Datacenter_0,20,5.71,1367.24,1372.96
60,SUCCESS,Datacenter_8,8,0.29,1422.81,1423.1
143,SUCCESS,Datacenter_0,10,0.43,1372.96,1373.38
28,SUCCESS,Datacenter_8,8,0.29,1423.1,1423.39
398,SUCCESS,Datacenter_6,6,2.86,1420.53,1423.39
53,SUCCESS,Datacenter_0,0,16,1359.5,1375.5
394,SUCCESS,Datacenter_6,6,2.86,1423.39,1426.24
253,SUCCESS,Datacenter_0,20,5.71,1372.96,1378.67
225,SUCCESS,Datacenter_0,10,5.71,1373.38,1379.1
911,SUCCESS,Datacenter_0,20,0.43,1378.67,1379.1
346,SUCCESS,Datacenter_6,6,2.86,1426.24,1429.1
215,SUCCESS,Datacenter_0,20,0.43,1379.1,1379.53
447,SUCCESS,Datacenter_6,6,0.43,1429.1,1429.53
663,SUCCESS,Datacenter_6,6,0.43,1429.53,1429.96
675,SUCCESS,Datacenter_6,6,0.43,1429.96,1430.39
505,SUCCESS,Datacenter_1,1,8,1422.76,1430.76
643,SUCCESS,Datacenter_6,6,0.43,1430.39,1430.81
595,SUCCESS,Datacenter_6,6,0.43,1430.81,1431.24
591,SUCCESS,Datacenter_6,6,0.43,1431.24,1431.67
114,SUCCESS,Datacenter_0,10,2.86,1379.1,1381.96
759,SUCCESS,Datacenter_6,6,0.43,1431.67,1432.1
919,SUCCESS,Datacenter_0,10,0.43,1381.96,1382.38
826,SUCCESS,Datacenter_0,20,2.86,1379.53,1382.38
700,SUCCESS,Datacenter_6,6,0.29,1432.1,1432.39
680,SUCCESS,Datacenter_6,6,0.29,1432.39,1432.67
820,SUCCESS,Datacenter_6,6,0.29,1432.67,1432.96
272,SUCCESS,Datacenter_6,6,0.29,1432.96,1433.24
244,SUCCESS,Datacenter_6,6,0.29,1433.24,1433.53
936,SUCCESS,Datacenter_6,6,0.29,1433.53,1433.81
948,SUCCESS,Datacenter_6,6,0.29,1433.81,1434.1
148,SUCCESS,Datacenter_6,6,0.29,1434.1,1434.39
72,SUCCESS,Datacenter_6,6,0.29,1434.39,1434.67
254,SUCCESS,Datacenter_1,1,4,1430.76,1434.76
992,SUCCESS,Datacenter_6,6,0.29,1434.67,1434.96
210,SUCCESS,Datacenter_0,20,2.86,1382.38,1385.24
20,SUCCESS,Datacenter_6,6,0.29,1434.96,1435.24
1000,SUCCESS,Datacenter_6,6,0.29,1435.24,1435.53
851,SUCCESS,Datacenter_0,20,0.43,1385.24,1385.67
307,SUCCESS,Datacenter_0,20,0.43,1385.67,1386.1
265,SUCCESS,Datacenter_0,10,5.71,1382.38,1388.1
514,SUCCESS,Datacenter_1,1,4,1434.76,1438.76
85,SUCCESS,Datacenter_0,0,16,1375.5,1391.49
537,SUCCESS,Datacenter_0,20,5.71,1386.1,1391.81
319,SUCCESS,Datacenter_0,20,0.43,1391.81,1392.24
959,SUCCESS,Datacenter_0,0,1.2,1391.49,1392.69
534,SUCCESS,Datacenter_1,1,4,1438.76,1442.76
709,SUCCESS,Datacenter_0,10,5.71,1388.1,1393.81
195,SUCCESS,Datacenter_0,10,0.43,1393.81,1394.24
278,SUCCESS,Datacenter_0,20,2.86,1392.24,1395.1
811,SUCCESS,Datacenter_0,20,0.43,1395.1,1395.52
454,SUCCESS,Datacenter_1,1,4,1442.76,1446.76
146,SUCCESS,Datacenter_0,10,2.86,1394.24,1397.1
430,SUCCESS,Datacenter_0,20,2.86,1395.52,1398.38
403,SUCCESS,Datacenter_0,20,0.43,1398.38,1398.81
442,SUCCESS,Datacenter_1,1,4,1446.76,1450.76
379,SUCCESS,Datacenter_1,1,0.6,1450.76,1451.36
386,SUCCESS,Datacenter_0,20,2.86,1398.81,1401.67
443,SUCCESS,Datacenter_0,20,0.43,1401.67,1402.1
623,SUCCESS,Datacenter_0,20,0.43,1402.1,1402.52
677,SUCCESS,Datacenter_0,10,5.71,1397.1,1402.81
583,SUCCESS,Datacenter_0,20,0.43,1402.52,1402.95
736,SUCCESS,Datacenter_0,20,0.29,1402.95,1403.24
219,SUCCESS,Datacenter_0,10,0.54,1402.81,1403.35
780,SUCCESS,Datacenter_0,20,0.29,1403.24,1403.52
616,SUCCESS,Datacenter_0,20,0.29,1403.52,1403.81
588,SUCCESS,Datacenter_0,20,0.29,1403.81,1404.1
444,SUCCESS,Datacenter_0,20,0.29,1404.1,1404.38
432,SUCCESS,Datacenter_0,20,0.29,1404.38,1404.67
892,SUCCESS,Datacenter_0,20,0.29,1404.67,1404.95
308,SUCCESS,Datacenter_0,20,0.29,1404.95,1405.24
570,SUCCESS,Datacenter_1,1,4,1451.36,1455.36
268,SUCCESS,Datacenter_0,20,0.29,1405.24,1405.52
48,SUCCESS,Datacenter_0,20,0.29,1405.52,1405.81
877,SUCCESS,Datacenter_0,0,16,1392.69,1408.69
621,SUCCESS,Datacenter_0,10,5.71,1403.35,1409.06
290,SUCCESS,Datacenter_1,1,4,1455.36,1459.36
706,SUCCESS,Datacenter_1,1,4,1459.36,1463.36
803,SUCCESS,Datacenter_1,1,0.6,1463.36,1463.96
533,SUCCESS,Datacenter_0,10,5.71,1409.06,1414.78
614,SUCCESS,Datacenter_1,1,4,1463.96,1467.96
659,SUCCESS,Datacenter_1,1,0.6,1467.96,1468.56
671,SUCCESS,Datacenter_1,1,0.6,1468.56,1469.16
639,SUCCESS,Datacenter_1,1,0.6,1469.16,1469.76
615,SUCCESS,Datacenter_1,1,0.6,1469.76,1470.36
473,SUCCESS,Datacenter_0,10,5.71,1414.78,1420.49
695,SUCCESS,Datacenter_1,1,0.6,1470.36,1470.96
567,SUCCESS,Datacenter_1,1,0.6,1470.96,1471.56
487,SUCCESS,Datacenter_1,1,0.6,1471.56,1472.16
740,SUCCESS,Datacenter_1,1,0.4,1472.16,1472.56
424,SUCCESS,Datacenter_1,1,0.4,1472.56,1472.96
420,SUCCESS,Datacenter_1,1,0.4,1472.96,1473.36
240,SUCCESS,Datacenter_1,1,0.4,1473.36,1473.76
212,SUCCESS,Datacenter_1,1,0.4,1473.76,1474.16
112,SUCCESS,Datacenter_1,1,0.4,1474.16,1474.56
137,SUCCESS,Datacenter_0,0,16,1408.69,1424.69
100,SUCCESS,Datacenter_1,1,0.4,1474.56,1474.96
44,SUCCESS,Datacenter_1,1,0.4,1474.96,1475.36
32,SUCCESS,Datacenter_1,1,0.4,1475.36,1475.76
12,SUCCESS,Datacenter_1,1,0.4,1475.76,1476.16
525,SUCCESS,Datacenter_0,10,5.71,1420.49,1426.2
746,SUCCESS,Datacenter_0,10,2.86,1426.2,1429.06
478,SUCCESS,Datacenter_0,10,2.86,1429.06,1431.92
598,SUCCESS,Datacenter_0,10,2.86,1431.92,1434.78
302,SUCCESS,Datacenter_0,10,2.86,1434.78,1437.63
382,SUCCESS,Datacenter_0,10,2.86,1437.63,1440.49
149,SUCCESS,Datacenter_0,0,16,1424.69,1440.69
338,SUCCESS,Datacenter_0,10,2.86,1440.49,1443.35
763,SUCCESS,Datacenter_0,10,0.43,1443.35,1443.78
475,SUCCESS,Datacenter_0,10,0.43,1443.78,1444.2
543,SUCCESS,Datacenter_0,10,0.43,1444.2,1444.63
751,SUCCESS,Datacenter_0,10,0.43,1444.63,1445.06
560,SUCCESS,Datacenter_0,10,0.29,1445.06,1445.35
344,SUCCESS,Datacenter_0,10,0.29,1445.35,1445.63
336,SUCCESS,Datacenter_0,10,0.29,1445.63,1445.92
320,SUCCESS,Datacenter_0,10,0.29,1445.92,1446.2
200,SUCCESS,Datacenter_0,10,0.29,1446.2,1446.49
180,SUCCESS,Datacenter_0,10,0.29,1446.49,1446.78
968,SUCCESS,Datacenter_0,10,0.29,1446.78,1447.06
84,SUCCESS,Datacenter_0,10,0.29,1447.06,1447.35
68,SUCCESS,Datacenter_0,10,0.29,1447.35,1447.63
273,SUCCESS,Datacenter_0,0,16,1440.69,1456.68
187,SUCCESS,Datacenter_0,0,1.2,1456.68,1457.88
850,SUCCESS,Datacenter_0,0,8,1457.88,1465.88
305,SUCCESS,Datacenter_0,0,16,1465.88,1481.88
838,SUCCESS,Datacenter_0,0,8,1481.88,1489.88
834,SUCCESS,Datacenter_0,0,8,1489.88,1497.88
822,SUCCESS,Datacenter_0,0,8,1497.88,1505.88
810,SUCCESS,Datacenter_0,0,8,1505.88,1513.88
605,SUCCESS,Datacenter_0,0,16,1513.88,1529.88
275,SUCCESS,Datacenter_0,0,1.2,1529.88,1531.08
855,SUCCESS,Datacenter_0,0,1.2,1531.08,1532.28
433,SUCCESS,Datacenter_0,0,16,1532.28,1548.28
762,SUCCESS,Datacenter_0,0,8,1548.28,1556.28
238,SUCCESS,Datacenter_0,0,8,1556.28,1564.28
250,SUCCESS,Datacenter_0,0,8,1564.28,1572.28
738,SUCCESS,Datacenter_0,0,8,1572.28,1580.28
530,SUCCESS,Datacenter_0,0,8,1580.28,1588.28
282,SUCCESS,Datacenter_0,0,8,1588.28,1596.28
710,SUCCESS,Datacenter_0,0,8,1596.28,1604.28
294,SUCCESS,Datacenter_0,0,8,1604.28,1612.28
694,SUCCESS,Datacenter_0,0,8,1612.28,1620.28
662,SUCCESS,Datacenter_0,0,8,1620.28,1628.28
463,SUCCESS,Datacenter_0,0,1.2,1628.28,1629.48
479,SUCCESS,Datacenter_0,0,1.2,1629.48,1630.68
796,SUCCESS,Datacenter_0,0,0.8,1630.68,1631.48
552,SUCCESS,Datacenter_0,0,0.8,1631.48,1632.28
488,SUCCESS,Datacenter_0,0,0.8,1632.28,1633.08
468,SUCCESS,Datacenter_0,0,0.8,1633.08,1633.88
456,SUCCESS,Datacenter_0,0,0.8,1633.88,1634.68
440,SUCCESS,Datacenter_0,0,0.8,1634.68,1635.48
408,SUCCESS,Datacenter_0,0,0.8,1635.48,1636.28
332,SUCCESS,Datacenter_0,0,0.8,1636.28,1637.08
896,SUCCESS,Datacenter_0,0,0.8,1637.08,1637.88
908,SUCCESS,Datacenter_0,0,0.8,1637.88,1638.68
920,SUCCESS,Datacenter_0,0,0.8,1638.68,1639.48
96,SUCCESS,Datacenter_0,0,0.8,1639.48,1640.28