CloudletID,STATUS,DatacenterID,VMID,Time,Start Time,Finish Time

499,SUCCESS,Datacenter_3,3,0.43,1251.1,1251.53
2,SUCCESS,Datacenter_9,9,2.86,1251.1,1253.96
37,SUCCESS,Datacenter_3,13,5.71,1251.1,1256.81
33,SUCCESS,Datacenter_9,19,5.71,1251.1,1256.81
449,SUCCESS,Datacenter_3,3,5.71,1251.53,1257.24
27,SUCCESS,Datacenter_9,19,0.43,1256.81,1257.24
31,SUCCESS,Datacenter_9,19,0.43,1257.24,1257.67
18,SUCCESS,Datacenter_3,13,2.86,1256.81,1259.67
465,SUCCESS,Datacenter_9,9,5.71,1253.96,1259.67
474,SUCCESS,Datacenter_9,19,2.86,1257.67,1260.53
470,SUCCESS,Datacenter_3,13,2.86,1259.67,1262.53
38,SUCCESS,Datacenter_9,9,2.86,1259.67,1262.53
177,SUCCESS,Datacenter_3,3,5.71,1257.24,1262.96
467,SUCCESS,Datacenter_9,9,0.43,1262.53,1262.96
435,SUCCESS,Datacenter_3,3,0.43,1262.96,1263.39
26,SUCCESS,Datacenter_9,19,2.86,1260.53,1263.39
475,SUCCESS,Datacenter_9,19,0.43,1263.39,1263.81
61,SUCCESS,Datacenter_3,13,5.71,1262.53,1268.24
373,SUCCESS,Datacenter_9,9,5.71,1262.96,1268.67
297,SUCCESS,Datacenter_3,3,5.71,1263.39,1269.1
143,SUCCESS,Datacenter_3,3,0.43,1269.1,1269.53
101,SUCCESS,Datacenter_9,19,5.71,1263.81,1269.53
30,SUCCESS,Datacenter_3,13,2.86,1268.24,1271.1
110,SUCCESS,Datacenter_3,3,2.86,1269.53,1272.39
145,SUCCESS,Datacenter_9,9,5.71,1268.67,1274.39
389,SUCCESS,Datacenter_9,19,5.71,1269.53,1275.24
77,SUCCESS,Datacenter_3,13,5.71,1271.1,1276.81
13,SUCCESS,Datacenter_5,5,5.71,1261.1,1266.81
65,SUCCESS,Datacenter_5,15,5.71,1261.1,1266.81
78,SUCCESS,Datacenter_9,9,2.86,1274.39,1277.24
71,SUCCESS,Datacenter_5,15,0.43,1266.81,1267.24
273,SUCCESS,Datacenter_3,3,5.71,1272.39,1278.1
125,SUCCESS,Datacenter_9,19,5.71,1275.24,1280.96
87,SUCCESS,Datacenter_9,19,0.43,1280.96,1281.39
401,SUCCESS,Datacenter_3,13,5.71,1276.81,1282.53
17,SUCCESS,Datacenter_5,5,5.71,1266.81,1272.53
109,SUCCESS,Datacenter_5,15,5.71,1267.24,1272.96
161,SUCCESS,Datacenter_9,9,5.71,1277.24,1282.96
229,SUCCESS,Datacenter_3,3,5.71,1278.1,1283.81
361,SUCCESS,Datacenter_9,19,5.71,1281.39,1287.1
111,SUCCESS,Datacenter_9,19,0.43,1287.1,1287.53
443,SUCCESS,Datacenter_9,19,0.43,1287.53,1287.96
113,SUCCESS,Datacenter_3,13,5.71,1282.53,1288.24
473,SUCCESS,Datacenter_5,5,5.71,1272.53,1278.24
115,SUCCESS,Datacenter_9,19,0.43,1287.96,1288.39
165,SUCCESS,Datacenter_9,9,5.71,1282.96,1288.67
141,SUCCESS,Datacenter_5,15,5.71,1272.96,1278.67
119,SUCCESS,Datacenter_9,9,0.43,1288.67,1289.1
237,SUCCESS,Datacenter_3,3,5.71,1283.81,1289.53
123,SUCCESS,Datacenter_9,9,0.43,1289.1,1289.53
419,SUCCESS,Datacenter_3,3,0.43,1289.53,1289.96
131,SUCCESS,Datacenter_9,9,0.43,1289.53,1289.96
58,SUCCESS,Datacenter_3,13,2.86,1288.24,1291.1
99,SUCCESS,Datacenter_3,13,0.43,1291.1,1291.53
23,SUCCESS,Datacenter_7,7,0.43,1271.1,1271.53
479,SUCCESS,Datacenter_7,7,0.43,1271.53,1271.96
366,SUCCESS,Datacenter_3,3,2.86,1289.96,1292.81
102,SUCCESS,Datacenter_9,9,2.86,1289.96,1292.81
395,SUCCESS,Datacenter_3,3,0.43,1292.81,1293.24
45,SUCCESS,Datacenter_5,5,5.71,1278.24,1283.96
313,SUCCESS,Datacenter_9,19,5.71,1288.39,1294.1
43,SUCCESS,Datacenter_5,5,0.43,1283.96,1284.39
337,SUCCESS,Datacenter_5,15,5.71,1278.67,1284.39
326,SUCCESS,Datacenter_3,3,2.86,1293.24,1296.1
276,SUCCESS,Datacenter_3,3,0.29,1296.1,1296.39
264,SUCCESS,Datacenter_3,3,0.29,1296.39,1296.67
21,SUCCESS,Datacenter_7,17,5.71,1271.1,1276.81
256,SUCCESS,Datacenter_3,3,0.29,1296.67,1296.96
228,SUCCESS,Datacenter_3,3,0.29,1296.96,1297.24
349,SUCCESS,Datacenter_3,13,5.71,1291.53,1297.24
66,SUCCESS,Datacenter_5,5,2.86,1284.39,1287.24
452,SUCCESS,Datacenter_3,3,0.29,1297.24,1297.53
433,SUCCESS,Datacenter_7,7,5.71,1271.96,1277.67
52,SUCCESS,Datacenter_3,3,0.29,1297.53,1297.81
209,SUCCESS,Datacenter_9,9,5.71,1292.81,1298.53
179,SUCCESS,Datacenter_9,9,0.43,1298.53,1298.96
203,SUCCESS,Datacenter_9,9,0.43,1298.96,1299.39
391,SUCCESS,Datacenter_9,9,0.43,1299.39,1299.81
245,SUCCESS,Datacenter_9,19,5.71,1294.1,1299.81
70,SUCCESS,Datacenter_5,5,2.86,1287.24,1290.1
173,SUCCESS,Datacenter_5,15,5.71,1284.39,1290.1
335,SUCCESS,Datacenter_9,9,0.43,1299.81,1300.24
439,SUCCESS,Datacenter_5,5,0.43,1290.1,1290.53
155,SUCCESS,Datacenter_5,15,0.43,1290.1,1290.53
307,SUCCESS,Datacenter_9,9,0.43,1300.24,1300.67
375,SUCCESS,Datacenter_9,9,0.43,1300.67,1301.1
280,SUCCESS,Datacenter_9,9,0.29,1301.1,1301.39
416,SUCCESS,Datacenter_9,9,0.29,1301.39,1301.67
204,SUCCESS,Datacenter_9,9,0.29,1301.67,1301.96
128,SUCCESS,Datacenter_9,9,0.29,1301.96,1302.24
64,SUCCESS,Datacenter_9,9,0.29,1302.24,1302.53
453,SUCCESS,Datacenter_7,17,5.71,1276.81,1282.53
286,SUCCESS,Datacenter_9,19,2.86,1299.81,1302.67
56,SUCCESS,Datacenter_9,9,0.29,1302.53,1302.81
157,SUCCESS,Datacenter_3,13,5.71,1297.24,1302.96
483,SUCCESS,Datacenter_7,17,0.43,1282.53,1282.96
496,SUCCESS,Datacenter_9,9,0.29,1302.81,1303.1
69,SUCCESS,Datacenter_7,7,5.71,1277.67,1283.39
202,SUCCESS,Datacenter_9,19,2.86,1302.67,1305.53
410,SUCCESS,Datacenter_3,13,2.86,1302.96,1305.81
462,SUCCESS,Datacenter_7,17,2.86,1282.96,1285.81
197,SUCCESS,Datacenter_5,5,5.71,1290.53,1296.24
265,SUCCESS,Datacenter_5,15,5.71,1290.53,1296.24
174,SUCCESS,Datacenter_9,19,2.86,1305.53,1308.39
406,SUCCESS,Datacenter_3,13,2.86,1305.81,1308.67
89,SUCCESS,Datacenter_7,7,5.71,1283.39,1289.1
398,SUCCESS,Datacenter_5,5,2.86,1296.24,1299.1
122,SUCCESS,Datacenter_5,15,2.86,1296.24,1299.1
171,SUCCESS,Datacenter_5,15,0.43,1299.1,1299.53
162,SUCCESS,Datacenter_9,19,2.86,1308.39,1311.24
278,SUCCESS,Datacenter_3,13,2.86,1308.67,1311.53
413,SUCCESS,Datacenter_7,17,5.71,1285.81,1291.53
303,SUCCESS,Datacenter_9,19,0.43,1311.24,1311.67
343,SUCCESS,Datacenter_3,13,0.43,1311.53,1311.96
59,SUCCESS,Datacenter_7,17,0.43,1291.53,1291.96
367,SUCCESS,Datacenter_9,19,0.43,1311.67,1312.1
380,SUCCESS,Datacenter_9,19,0.29,1312.1,1312.39
279,SUCCESS,Datacenter_3,13,0.43,1311.96,1312.39
270,SUCCESS,Datacenter_5,15,2.86,1299.53,1302.39
392,SUCCESS,Datacenter_9,19,0.29,1312.39,1312.67
251,SUCCESS,Datacenter_3,13,0.43,1312.39,1312.81
300,SUCCESS,Datacenter_9,19,0.29,1312.67,1312.96
404,SUCCESS,Datacenter_3,13,0.29,1312.81,1313.1
248,SUCCESS,Datacenter_9,19,0.29,1312.96,1313.24
252,SUCCESS,Datacenter_3,13,0.29,1313.1,1313.39
108,SUCCESS,Datacenter_9,19,0.29,1313.24,1313.53
208,SUCCESS,Datacenter_3,13,0.29,1313.39,1313.67
192,SUCCESS,Datacenter_3,13,0.29,1313.67,1313.96
104,SUCCESS,Datacenter_3,13,0.29,1313.96,1314.24
472,SUCCESS,Datacenter_3,13,0.29,1314.24,1314.53
80,SUCCESS,Datacenter_3,13,0.29,1314.53,1314.81
405,SUCCESS,Datacenter_7,7,5.71,1289.1,1294.81
225,SUCCESS,Datacenter_5,5,5.71,1299.1,1304.81
36,SUCCESS,Datacenter_3,13,0.29,1314.81,1315.1
451,SUCCESS,Datacenter_7,7,0.43,1294.81,1295.24
194,SUCCESS,Datacenter_5,15,2.86,1302.39,1305.24
8,SUCCESS,Datacenter_3,13,0.29,1315.1,1315.39
4,SUCCESS,Datacenter_3,13,0.29,1315.39,1315.67
105,SUCCESS,Datacenter_7,17,5.71,1291.96,1297.67
150,SUCCESS,Datacenter_5,5,2.86,1304.81,1307.67
418,SUCCESS,Datacenter_7,7,2.86,1295.24,1298.1
327,SUCCESS,Datacenter_5,5,0.43,1307.67,1308.1
190,SUCCESS,Datacenter_5,15,2.86,1305.24,1308.1
363,SUCCESS,Datacenter_5,5,0.43,1308.1,1308.53
239,SUCCESS,Datacenter_5,15,0.43,1308.1,1308.53
368,SUCCESS,Datacenter_5,15,0.29,1308.53,1308.81
271,SUCCESS,Datacenter_5,5,0.43,1308.53,1308.96
348,SUCCESS,Datacenter_5,15,0.29,1308.81,1309.1
324,SUCCESS,Datacenter_5,5,0.29,1308.96,1309.24
420,SUCCESS,Datacenter_5,15,0.29,1309.1,1309.39
184,SUCCESS,Datacenter_5,5,0.29,1309.24,1309.53
92,SUCCESS,Datacenter_5,15,0.29,1309.39,1309.67
176,SUCCESS,Datacenter_5,5,0.29,1309.53,1309.81
76,SUCCESS,Datacenter_5,15,0.29,1309.67,1309.96
172,SUCCESS,Datacenter_5,5,0.29,1309.81,1310.1
60,SUCCESS,Datacenter_5,15,0.29,1309.96,1310.24
492,SUCCESS,Datacenter_5,15,0.29,1310.24,1310.53
0,SUCCESS,Datacenter_5,15,0.29,1310.53,1310.81
117,SUCCESS,Datacenter_7,17,5.71,1297.67,1303.39
309,SUCCESS,Datacenter_7,7,5.71,1298.1,1303.81
127,SUCCESS,Datacenter_7,17,0.43,1303.39,1303.81
98,SUCCESS,Datacenter_7,7,2.86,1303.81,1306.67
205,SUCCESS,Datacenter_7,17,5.71,1303.81,1309.53
411,SUCCESS,Datacenter_7,17,0.43,1309.53,1309.96
495,SUCCESS,Datacenter_6,16,0.43,1291.1,1291.53
3,SUCCESS,Datacenter_8,8,0.43,1291.1,1291.53
11,SUCCESS,Datacenter_6,16,0.43,1291.53,1291.96
293,SUCCESS,Datacenter_7,7,5.71,1306.67,1312.39
15,SUCCESS,Datacenter_6,16,0.43,1291.96,1292.39
139,SUCCESS,Datacenter_7,7,0.43,1312.39,1312.81
350,SUCCESS,Datacenter_7,17,2.86,1309.96,1312.81
494,SUCCESS,Datacenter_6,6,2.86,1291.1,1293.96
482,SUCCESS,Datacenter_2,12,2.86,1291.1,1293.96
458,SUCCESS,Datacenter_4,4,2.86,1291.1,1293.96
498,SUCCESS,Datacenter_1,1,4,1291.1,1295.1
10,SUCCESS,Datacenter_6,16,2.86,1292.39,1295.24
378,SUCCESS,Datacenter_7,7,2.86,1312.81,1315.67
314,SUCCESS,Datacenter_7,17,2.86,1312.81,1315.67
195,SUCCESS,Datacenter_7,7,0.43,1315.67,1316.1
299,SUCCESS,Datacenter_7,17,0.43,1315.67,1316.1
188,SUCCESS,Datacenter_7,17,0.29,1316.1,1316.39
493,SUCCESS,Datacenter_8,18,5.71,1291.1,1296.81
477,SUCCESS,Datacenter_1,11,5.71,1291.1,1296.81
57,SUCCESS,Datacenter_1,21,5.71,1291.1,1296.81
489,SUCCESS,Datacenter_2,2,5.71,1291.1,1296.81
50,SUCCESS,Datacenter_2,12,2.86,1293.96,1296.81
9,SUCCESS,Datacenter_4,14,5.71,1291.1,1296.81
53,SUCCESS,Datacenter_8,8,5.71,1291.53,1297.24
487,SUCCESS,Datacenter_1,11,0.43,1296.81,1297.24
19,SUCCESS,Datacenter_4,14,0.43,1296.81,1297.24
154,SUCCESS,Datacenter_7,7,2.86,1316.1,1318.96
485,SUCCESS,Datacenter_6,6,5.71,1293.96,1299.67
466,SUCCESS,Datacenter_1,21,2.86,1296.81,1299.67
97,SUCCESS,Datacenter_4,4,5.71,1293.96,1299.67
6,SUCCESS,Datacenter_2,2,2.86,1296.81,1299.67
74,SUCCESS,Datacenter_2,12,2.86,1296.81,1299.67
67,SUCCESS,Datacenter_4,4,0.43,1299.67,1300.1
446,SUCCESS,Datacenter_8,8,2.86,1297.24,1300.1
25,SUCCESS,Datacenter_6,16,5.71,1295.24,1300.96
47,SUCCESS,Datacenter_6,16,0.43,1300.96,1301.39
186,SUCCESS,Datacenter_7,7,2.86,1318.96,1321.81
315,SUCCESS,Datacenter_7,7,0.43,1321.81,1322.24
481,SUCCESS,Datacenter_8,18,5.71,1296.81,1302.53
311,SUCCESS,Datacenter_7,7,0.43,1322.24,1322.67
396,SUCCESS,Datacenter_7,7,0.29,1322.67,1322.96
49,SUCCESS,Datacenter_1,11,5.71,1297.24,1302.96
41,SUCCESS,Datacenter_4,14,5.71,1297.24,1302.96
5,SUCCESS,Datacenter_1,1,8,1295.1,1303.1
408,SUCCESS,Datacenter_7,7,0.29,1322.96,1323.24
232,SUCCESS,Datacenter_7,7,0.29,1323.24,1323.53
39,SUCCESS,Datacenter_1,1,0.6,1303.1,1303.7
216,SUCCESS,Datacenter_7,7,0.29,1323.53,1323.81
444,SUCCESS,Datacenter_7,7,0.29,1323.81,1324.1
34,SUCCESS,Datacenter_6,16,2.86,1301.39,1304.24
140,SUCCESS,Datacenter_7,7,0.29,1324.1,1324.39
124,SUCCESS,Datacenter_7,7,0.29,1324.39,1324.67
471,SUCCESS,Datacenter_6,16,0.43,1304.24,1304.67
120,SUCCESS,Datacenter_7,7,0.29,1324.67,1324.96
88,SUCCESS,Datacenter_7,7,0.29,1324.96,1325.24
185,SUCCESS,Datacenter_1,21,5.71,1299.67,1305.38
457,SUCCESS,Datacenter_6,6,5.71,1299.67,1305.39
490,SUCCESS,Datacenter_8,18,2.86,1302.53,1305.39
29,SUCCESS,Datacenter_2,2,5.71,1299.67,1305.39
305,SUCCESS,Datacenter_2,12,5.71,1299.67,1305.39
163,SUCCESS,Datacenter_1,21,0.43,1305.38,1305.81
385,SUCCESS,Datacenter_8,8,5.71,1300.1,1305.81
35,SUCCESS,Datacenter_8,18,0.43,1305.39,1305.81
333,SUCCESS,Datacenter_4,4,5.71,1300.1,1305.81
22,SUCCESS,Datacenter_2,2,2.86,1305.39,1308.24
402,SUCCESS,Datacenter_2,12,2.86,1305.39,1308.24
445,SUCCESS,Datacenter_1,11,5.71,1302.96,1308.67
246,SUCCESS,Datacenter_1,21,2.86,1305.81,1308.67
90,SUCCESS,Datacenter_4,4,2.86,1305.81,1308.67
425,SUCCESS,Datacenter_4,14,5.71,1302.96,1308.67
431,SUCCESS,Datacenter_2,12,0.43,1308.24,1308.67
95,SUCCESS,Datacenter_1,11,0.43,1308.67,1309.1
135,SUCCESS,Datacenter_4,4,0.43,1308.67,1309.1
51,SUCCESS,Datacenter_4,14,0.43,1308.67,1309.1
151,SUCCESS,Datacenter_2,12,0.43,1308.67,1309.1
381,SUCCESS,Datacenter_6,16,5.71,1304.67,1310.39
83,SUCCESS,Datacenter_6,16,0.43,1310.39,1310.81
181,SUCCESS,Datacenter_6,6,5.71,1305.39,1311.1
450,SUCCESS,Datacenter_2,2,2.86,1308.24,1311.1
370,SUCCESS,Datacenter_1,21,2.86,1308.67,1311.53
261,SUCCESS,Datacenter_8,8,5.71,1305.81,1311.53
397,SUCCESS,Datacenter_8,18,5.71,1305.81,1311.53
459,SUCCESS,Datacenter_2,2,0.43,1311.1,1311.53
85,SUCCESS,Datacenter_1,1,8,1303.7,1311.7
214,SUCCESS,Datacenter_1,21,2.86,1311.53,1314.38
118,SUCCESS,Datacenter_8,8,2.86,1311.53,1314.39
430,SUCCESS,Datacenter_8,18,2.86,1311.53,1314.39
149,SUCCESS,Datacenter_1,11,5.71,1309.1,1314.81
447,SUCCESS,Datacenter_8,18,0.43,1314.39,1314.81
253,SUCCESS,Datacenter_2,12,5.71,1309.1,1314.81
281,SUCCESS,Datacenter_4,4,5.71,1309.1,1314.81
81,SUCCESS,Datacenter_4,14,5.71,1309.1,1314.81
103,SUCCESS,Datacenter_1,11,0.43,1314.81,1315.24
423,SUCCESS,Datacenter_4,4,0.43,1314.81,1315.24
42,SUCCESS,Datacenter_1,1,4,1311.7,1315.7
129,SUCCESS,Datacenter_6,16,5.71,1310.81,1316.53
317,SUCCESS,Datacenter_6,6,5.71,1311.1,1316.81
298,SUCCESS,Datacenter_1,21,2.86,1314.38,1317.24
130,SUCCESS,Datacenter_8,8,2.86,1314.39,1317.24
329,SUCCESS,Datacenter_2,2,5.71,1311.53,1317.24
86,SUCCESS,Datacenter_8,18,2.86,1314.81,1317.67
242,SUCCESS,Datacenter_2,12,2.86,1314.81,1317.67
82,SUCCESS,Datacenter_1,11,2.86,1315.24,1318.1
374,SUCCESS,Datacenter_4,4,2.86,1315.24,1318.1
386,SUCCESS,Datacenter_6,6,2.86,1316.81,1319.67
338,SUCCESS,Datacenter_1,21,2.86,1317.24,1320.1
282,SUCCESS,Datacenter_8,8,2.86,1317.24,1320.1
360,SUCCESS,Datacenter_1,21,0.29,1320.1,1320.38
243,SUCCESS,Datacenter_8,8,0.43,1320.1,1320.53
274,SUCCESS,Datacenter_2,12,2.86,1317.67,1320.53
369,SUCCESS,Datacenter_4,14,5.71,1314.81,1320.53
144,SUCCESS,Datacenter_1,21,0.29,1320.38,1320.67
106,SUCCESS,Datacenter_1,11,2.86,1318.1,1320.96
116,SUCCESS,Datacenter_1,21,0.29,1320.67,1320.96
247,SUCCESS,Datacenter_8,8,0.43,1320.53,1320.96
126,SUCCESS,Datacenter_4,4,2.86,1318.1,1320.96
455,SUCCESS,Datacenter_4,14,0.43,1320.53,1320.96
484,SUCCESS,Datacenter_1,21,0.29,1320.96,1321.24
344,SUCCESS,Datacenter_8,8,0.29,1320.96,1321.24
388,SUCCESS,Datacenter_8,8,0.29,1321.24,1321.53
332,SUCCESS,Datacenter_8,8,0.29,1321.53,1321.81
400,SUCCESS,Datacenter_8,8,0.29,1321.81,1322.1
365,SUCCESS,Datacenter_6,16,5.71,1316.53,1322.24
240,SUCCESS,Datacenter_8,8,0.29,1322.1,1322.39
382,SUCCESS,Datacenter_6,6,2.86,1319.67,1322.53
436,SUCCESS,Datacenter_8,8,0.29,1322.39,1322.67
164,SUCCESS,Datacenter_8,8,0.29,1322.67,1322.96
285,SUCCESS,Datacenter_2,2,5.71,1317.24,1322.96
84,SUCCESS,Datacenter_8,8,0.29,1322.96,1323.24
193,SUCCESS,Datacenter_8,18,5.71,1317.67,1323.39
218,SUCCESS,Datacenter_2,12,2.86,1320.53,1323.39
48,SUCCESS,Datacenter_8,8,0.29,1323.24,1323.53
409,SUCCESS,Datacenter_1,1,8,1315.7,1323.7
488,SUCCESS,Datacenter_8,8,0.29,1323.53,1323.81
262,SUCCESS,Datacenter_4,4,2.86,1320.96,1323.81
32,SUCCESS,Datacenter_8,8,0.29,1323.81,1324.1
422,SUCCESS,Datacenter_6,16,2.86,1322.24,1325.1
107,SUCCESS,Datacenter_6,16,0.43,1325.1,1325.53
146,SUCCESS,Datacenter_2,12,2.86,1323.39,1326.24
277,SUCCESS,Datacenter_1,11,5.71,1320.96,1326.67
207,SUCCESS,Datacenter_2,12,0.43,1326.24,1326.67
210,SUCCESS,Datacenter_4,4,2.86,1323.81,1326.67
153,SUCCESS,Datacenter_4,14,5.71,1320.96,1326.67
46,SUCCESS,Datacenter_1,1,4,1323.7,1327.69
257,SUCCESS,Datacenter_6,6,5.71,1322.53,1328.24
233,SUCCESS,Datacenter_2,2,5.71,1322.96,1328.67
221,SUCCESS,Datacenter_8,18,5.71,1323.39,1329.1
175,SUCCESS,Datacenter_2,2,0.43,1328.67,1329.1
114,SUCCESS,Datacenter_1,11,2.86,1326.67,1329.53
159,SUCCESS,Datacenter_8,18,0.43,1329.1,1329.53
310,SUCCESS,Datacenter_2,12,2.86,1326.67,1329.53
354,SUCCESS,Datacenter_4,4,2.86,1326.67,1329.53
167,SUCCESS,Datacenter_1,11,0.43,1329.53,1329.96
211,SUCCESS,Datacenter_4,4,0.43,1329.53,1329.96
325,SUCCESS,Datacenter_6,16,5.71,1325.53,1331.24
230,SUCCESS,Datacenter_2,2,2.86,1329.1,1331.96
254,SUCCESS,Datacenter_8,18,2.86,1329.53,1332.39
407,SUCCESS,Datacenter_2,2,0.43,1331.96,1332.39
322,SUCCESS,Datacenter_2,12,2.86,1329.53,1332.39
321,SUCCESS,Datacenter_4,14,5.71,1326.67,1332.39
362,SUCCESS,Datacenter_1,11,2.86,1329.96,1332.81
219,SUCCESS,Datacenter_8,18,0.43,1332.39,1332.81
319,SUCCESS,Datacenter_2,2,0.43,1332.39,1332.81
323,SUCCESS,Datacenter_2,12,0.43,1332.39,1332.81
158,SUCCESS,Datacenter_4,4,2.86,1329.96,1332.81
291,SUCCESS,Datacenter_2,2,0.43,1332.81,1333.24
351,SUCCESS,Datacenter_2,12,0.43,1332.81,1333.24
235,SUCCESS,Datacenter_4,4,0.43,1332.81,1333.24
168,SUCCESS,Datacenter_2,2,0.29,1333.24,1333.53
340,SUCCESS,Datacenter_2,12,0.29,1333.24,1333.53
260,SUCCESS,Datacenter_4,4,0.29,1333.24,1333.53
136,SUCCESS,Datacenter_2,2,0.29,1333.53,1333.81
328,SUCCESS,Datacenter_2,12,0.29,1333.53,1333.81
200,SUCCESS,Datacenter_4,4,0.29,1333.53,1333.81
249,SUCCESS,Datacenter_6,6,5.71,1328.24,1333.96
308,SUCCESS,Datacenter_2,12,0.29,1333.81,1334.1
156,SUCCESS,Datacenter_4,4,0.29,1333.81,1334.1
258,SUCCESS,Datacenter_6,16,2.86,1331.24,1334.1
412,SUCCESS,Datacenter_2,12,0.29,1334.1,1334.39
448,SUCCESS,Datacenter_4,4,0.29,1334.1,1334.39
220,SUCCESS,Datacenter_2,12,0.29,1334.39,1334.67
460,SUCCESS,Datacenter_4,4,0.29,1334.39,1334.67
456,SUCCESS,Datacenter_2,12,0.29,1334.67,1334.96
468,SUCCESS,Datacenter_4,4,0.29,1334.67,1334.96
72,SUCCESS,Datacenter_2,12,0.29,1334.96,1335.24
40,SUCCESS,Datacenter_4,4,0.29,1334.96,1335.24
94,SUCCESS,Datacenter_4,14,2.86,1332.39,1335.24
16,SUCCESS,Datacenter_2,12,0.29,1335.24,1335.53
12,SUCCESS,Datacenter_4,4,0.29,1335.24,1335.53
222,SUCCESS,Datacenter_1,11,2.86,1332.81,1335.67
330,SUCCESS,Datacenter_8,18,2.86,1332.81,1335.67
393,SUCCESS,Datacenter_1,1,8.09,1327.69,1335.78
275,SUCCESS,Datacenter_8,18,0.43,1335.67,1336.1
263,SUCCESS,Datacenter_8,18,0.43,1336.1,1336.53
250,SUCCESS,Datacenter_6,6,2.86,1333.96,1336.81
371,SUCCESS,Datacenter_8,18,0.43,1336.53,1336.96
138,SUCCESS,Datacenter_6,16,2.86,1334.1,1336.96
255,SUCCESS,Datacenter_8,18,0.43,1336.96,1337.39
403,SUCCESS,Datacenter_6,16,0.43,1336.96,1337.39
352,SUCCESS,Datacenter_8,18,0.29,1337.39,1337.67
424,SUCCESS,Datacenter_8,18,0.29,1337.67,1337.96
226,SUCCESS,Datacenter_4,14,2.86,1335.24,1338.1
148,SUCCESS,Datacenter_8,18,0.29,1337.96,1338.24
206,SUCCESS,Datacenter_1,11,2.86,1335.67,1338.53
399,SUCCESS,Datacenter_1,11,0.43,1338.53,1338.96
223,SUCCESS,Datacenter_1,11,0.43,1338.96,1339.38
238,SUCCESS,Datacenter_6,6,2.86,1336.81,1339.67
54,SUCCESS,Datacenter_1,1,4,1335.78,1339.78
346,SUCCESS,Datacenter_6,16,2.86,1337.39,1340.24
215,SUCCESS,Datacenter_6,16,0.43,1340.24,1340.67
178,SUCCESS,Datacenter_4,14,2.86,1338.1,1340.96
372,SUCCESS,Datacenter_6,16,0.29,1340.67,1340.96
356,SUCCESS,Datacenter_6,16,0.29,1340.96,1341.24
387,SUCCESS,Datacenter_4,14,0.43,1340.96,1341.39
288,SUCCESS,Datacenter_6,16,0.29,1341.24,1341.53
231,SUCCESS,Datacenter_4,14,0.43,1341.39,1341.81
236,SUCCESS,Datacenter_6,16,0.29,1341.53,1341.81
112,SUCCESS,Datacenter_6,16,0.29,1341.81,1342.1
166,SUCCESS,Datacenter_1,11,2.86,1339.38,1342.24
259,SUCCESS,Datacenter_4,14,0.43,1341.81,1342.24
96,SUCCESS,Datacenter_6,16,0.29,1342.1,1342.39
336,SUCCESS,Datacenter_4,14,0.29,1342.24,1342.53
234,SUCCESS,Datacenter_6,6,2.86,1339.67,1342.53
227,SUCCESS,Datacenter_1,11,0.43,1342.24,1342.67
44,SUCCESS,Datacenter_6,16,0.29,1342.39,1342.67
244,SUCCESS,Datacenter_4,14,0.29,1342.53,1342.81
383,SUCCESS,Datacenter_1,11,0.43,1342.67,1343.1
224,SUCCESS,Datacenter_4,14,0.29,1342.81,1343.1
212,SUCCESS,Datacenter_4,14,0.29,1343.1,1343.39
295,SUCCESS,Datacenter_1,11,0.43,1343.1,1343.53
432,SUCCESS,Datacenter_4,14,0.29,1343.39,1343.67
442,SUCCESS,Datacenter_1,1,4,1339.78,1343.78
283,SUCCESS,Datacenter_1,11,0.43,1343.53,1343.96
160,SUCCESS,Datacenter_4,14,0.29,1343.67,1343.96
132,SUCCESS,Datacenter_4,14,0.29,1343.96,1344.24
379,SUCCESS,Datacenter_1,11,0.43,1343.96,1344.38
312,SUCCESS,Datacenter_1,11,0.29,1344.38,1344.67
358,SUCCESS,Datacenter_6,6,2.86,1342.53,1345.39
342,SUCCESS,Datacenter_6,6,2.86,1345.39,1348.24
347,SUCCESS,Datacenter_6,6,0.43,1348.24,1348.67
384,SUCCESS,Datacenter_6,6,0.29,1348.67,1348.96
196,SUCCESS,Datacenter_6,6,0.29,1348.96,1349.24
152,SUCCESS,Datacenter_6,6,0.29,1349.24,1349.53
24,SUCCESS,Datacenter_6,6,0.29,1349.53,1349.81
121,SUCCESS,Datacenter_1,1,8,1343.78,1351.78
133,SUCCESS,Datacenter_1,1,8,1351.78,1359.78
353,SUCCESS,Datacenter_1,1,8,1359.78,1367.78
213,SUCCESS,Datacenter_1,1,8,1367.78,1375.78
269,SUCCESS,Datacenter_1,1,8,1375.78,1383.78
491,SUCCESS,Datacenter_0,10,0.43,1341.1,1341.53
7,SUCCESS,Datacenter_0,20,0.43,1341.1,1341.53
241,SUCCESS,Datacenter_1,1,8,1383.78,1391.78
415,SUCCESS,Datacenter_1,1,0.6,1391.78,1392.38
191,SUCCESS,Datacenter_1,1,0.6,1392.38,1392.98
14,SUCCESS,Datacenter_0,10,2.86,1341.53,1344.39
486,SUCCESS,Datacenter_0,20,2.86,1341.53,1344.39
142,SUCCESS,Datacenter_1,1,4,1392.98,1396.98
461,SUCCESS,Datacenter_0,10,5.71,1344.39,1350.1
441,SUCCESS,Datacenter_0,20,5.71,1344.39,1350.1
290,SUCCESS,Datacenter_1,1,4,1396.98,1400.98
339,SUCCESS,Datacenter_1,1,0.6,1400.98,1401.58
355,SUCCESS,Datacenter_1,1,0.6,1401.58,1402.18
359,SUCCESS,Datacenter_1,1,0.6,1402.18,1402.78
316,SUCCESS,Datacenter_1,1,0.4,1402.78,1403.18
464,SUCCESS,Datacenter_1,1,0.4,1403.18,1403.58
476,SUCCESS,Datacenter_1,1,0.4,1403.58,1403.98
68,SUCCESS,Datacenter_1,1,0.4,1403.98,1404.38
28,SUCCESS,Datacenter_1,1,0.4,1404.38,1404.78
73,SUCCESS,Datacenter_0,10,5.71,1350.1,1355.81
437,SUCCESS,Datacenter_0,20,5.71,1350.1,1355.81
1,SUCCESS,Datacenter_0,0,16,1341.1,1357.1
417,SUCCESS,Datacenter_0,10,5.71,1355.81,1361.53
421,SUCCESS,Datacenter_0,20,5.71,1355.81,1361.53
63,SUCCESS,Datacenter_0,20,0.43,1361.53,1361.96
79,SUCCESS,Datacenter_0,20,0.43,1361.96,1362.39
454,SUCCESS,Datacenter_0,10,2.86,1361.53,1364.39
75,SUCCESS,Datacenter_0,10,0.43,1364.39,1364.81
434,SUCCESS,Datacenter_0,20,2.86,1362.39,1365.24
377,SUCCESS,Datacenter_0,10,5.71,1364.81,1370.53
345,SUCCESS,Datacenter_0,20,5.71,1365.24,1370.96
497,SUCCESS,Datacenter_0,0,16,1357.1,1373.1
438,SUCCESS,Datacenter_0,10,2.86,1370.53,1373.39
341,SUCCESS,Datacenter_0,20,5.71,1370.96,1376.67
137,SUCCESS,Datacenter_0,10,5.71,1373.39,1379.1
394,SUCCESS,Datacenter_0,20,2.86,1376.67,1379.53
426,SUCCESS,Datacenter_0,10,2.86,1379.1,1381.96
217,SUCCESS,Datacenter_0,20,5.71,1379.53,1385.24
169,SUCCESS,Datacenter_0,10,5.71,1381.96,1387.67
390,SUCCESS,Datacenter_0,20,2.86,1385.24,1388.1
147,SUCCESS,Datacenter_0,20,0.43,1388.1,1388.53
469,SUCCESS,Datacenter_0,0,16,1373.1,1389.1
266,SUCCESS,Datacenter_0,20,2.86,1388.53,1391.38
183,SUCCESS,Datacenter_0,20,0.43,1391.38,1391.81
189,SUCCESS,Datacenter_0,10,5.71,1387.67,1393.38
302,SUCCESS,Datacenter_0,20,2.86,1391.81,1394.67
478,SUCCESS,Datacenter_0,0,8,1389.1,1397.09
318,SUCCESS,Datacenter_0,20,2.86,1394.67,1397.53
301,SUCCESS,Datacenter_0,10,5.71,1393.38,1399.1
427,SUCCESS,Datacenter_0,10,0.43,1399.1,1399.53
170,SUCCESS,Datacenter_0,20,2.86,1397.53,1400.38
364,SUCCESS,Datacenter_0,20,0.29,1400.38,1400.67
304,SUCCESS,Datacenter_0,20,0.29,1400.67,1400.96
272,SUCCESS,Datacenter_0,20,0.29,1400.96,1401.24
20,SUCCESS,Datacenter_0,20,0.29,1401.24,1401.53
134,SUCCESS,Datacenter_0,10,2.86,1399.53,1402.38
199,SUCCESS,Datacenter_0,10,0.43,1402.38,1402.81
182,SUCCESS,Datacenter_0,10,2.86,1402.81,1405.67
331,SUCCESS,Datacenter_0,10,0.43,1405.67,1406.1
287,SUCCESS,Datacenter_0,10,0.43,1406.1,1406.53
320,SUCCESS,Datacenter_0,10,0.29,1406.53,1406.81
292,SUCCESS,Datacenter_0,10,0.29,1406.81,1407.1
268,SUCCESS,Datacenter_0,10,0.29,1407.1,1407.38
180,SUCCESS,Datacenter_0,10,0.29,1407.38,1407.67
100,SUCCESS,Datacenter_0,10,0.29,1407.67,1407.96
429,SUCCESS,Datacenter_0,0,16,1397.09,1413.09
55,SUCCESS,Datacenter_0,0,1.2,1413.09,1414.29
93,SUCCESS,Datacenter_0,0,16,1414.29,1430.29
463,SUCCESS,Datacenter_0,0,1.2,1430.29,1431.49
62,SUCCESS,Datacenter_0,0,8,1431.49,1439.49
91,SUCCESS,Datacenter_0,0,1.2,1439.49,1440.69
357,SUCCESS,Datacenter_0,0,16,1440.69,1456.69
414,SUCCESS,Datacenter_0,0,8,1456.69,1464.69
201,SUCCESS,Datacenter_0,0,16,1464.69,1480.69
289,SUCCESS,Datacenter_0,0,16,1480.69,1496.69
187,SUCCESS,Datacenter_0,0,1.2,1496.69,1497.89
294,SUCCESS,Datacenter_0,0,8,1497.89,1505.89
198,SUCCESS,Datacenter_0,0,8,1505.89,1513.89
306,SUCCESS,Datacenter_0,0,8,1513.89,1521.89
334,SUCCESS,Datacenter_0,0,8,1521.89,1529.89
267,SUCCESS,Datacenter_0,0,1.2,1529.89,1531.09
376,SUCCESS,Datacenter_0,0,0.8,1531.09,1531.89
296,SUCCESS,Datacenter_0,0,0.8,1531.89,1532.69
284,SUCCESS,Datacenter_0,0,0.8,1532.69,1533.49
428,SUCCESS,Datacenter_0,0,0.8,1533.49,1534.29
440,SUCCESS,Datacenter_0,0,0.8,1534.29,1535.09
480,SUCCESS,Datacenter_0,0,0.8,1535.09,1535.89