CloudletID,STATUS,DatacenterID,VMID,Time,Start Time,Finish Time

99,SUCCESS,Datacenter_3,3,0.43,1251.1,1251.53
2,SUCCESS,Datacenter_3,13,2.86,1251.1,1253.96
57,SUCCESS,Datacenter_9,9,5.71,1251.1,1256.81
97,SUCCESS,Datacenter_9,19,5.71,1251.1,1256.81
93,SUCCESS,Datacenter_3,3,5.71,1251.53,1257.24
89,SUCCESS,Datacenter_3,13,5.71,1253.96,1259.67
74,SUCCESS,Datacenter_9,9,2.86,1256.81,1259.67
36,SUCCESS,Datacenter_9,9,0.29,1259.67,1259.96
6,SUCCESS,Datacenter_3,3,2.86,1257.24,1260.1
28,SUCCESS,Datacenter_9,9,0.29,1259.96,1260.24
87,SUCCESS,Datacenter_3,3,0.43,1260.1,1260.53
24,SUCCESS,Datacenter_9,9,0.29,1260.24,1260.53
16,SUCCESS,Datacenter_9,9,0.29,1260.53,1260.81
39,SUCCESS,Datacenter_3,3,0.43,1260.53,1260.96
79,SUCCESS,Datacenter_3,3,0.43,1260.96,1261.39
60,SUCCESS,Datacenter_3,3,0.29,1261.39,1261.67
20,SUCCESS,Datacenter_3,3,0.29,1261.67,1261.96
61,SUCCESS,Datacenter_9,19,5.71,1256.81,1262.53
12,SUCCESS,Datacenter_9,19,0.29,1262.53,1262.81
17,SUCCESS,Datacenter_3,13,5.71,1259.67,1265.39
69,SUCCESS,Datacenter_3,13,5.71,1265.39,1271.1
3,SUCCESS,Datacenter_5,15,0.43,1261.1,1261.53
30,SUCCESS,Datacenter_3,13,2.86,1271.1,1273.96
18,SUCCESS,Datacenter_5,5,2.86,1261.1,1263.96
47,SUCCESS,Datacenter_3,13,0.43,1273.96,1274.39
75,SUCCESS,Datacenter_5,5,0.43,1263.96,1264.39
90,SUCCESS,Datacenter_5,15,2.86,1261.53,1264.39
72,SUCCESS,Datacenter_3,13,0.29,1274.39,1274.67
55,SUCCESS,Datacenter_5,5,0.43,1264.39,1264.81
76,SUCCESS,Datacenter_3,13,0.29,1274.67,1274.96
64,SUCCESS,Datacenter_3,13,0.29,1274.96,1275.24
73,SUCCESS,Datacenter_5,15,5.71,1264.39,1270.1
86,SUCCESS,Datacenter_5,15,2.86,1270.1,1272.96
44,SUCCESS,Datacenter_5,15,0.29,1272.96,1273.24
15,SUCCESS,Datacenter_7,7,0.43,1271.1,1271.53
58,SUCCESS,Datacenter_7,7,2.86,1271.53,1274.39
81,SUCCESS,Datacenter_7,17,5.71,1271.1,1276.81
67,SUCCESS,Datacenter_7,17,0.43,1276.81,1277.24
40,SUCCESS,Datacenter_7,17,0.29,1277.24,1277.53
7,SUCCESS,Datacenter_1,11,0.43,1291.1,1291.53
59,SUCCESS,Datacenter_2,2,0.43,1291.1,1291.53
91,SUCCESS,Datacenter_1,1,0.6,1291.1,1291.7
63,SUCCESS,Datacenter_1,11,0.43,1291.53,1291.96
14,SUCCESS,Datacenter_1,21,2.86,1291.1,1293.96
98,SUCCESS,Datacenter_6,16,2.86,1291.1,1293.96
22,SUCCESS,Datacenter_1,1,4,1291.7,1295.7
21,SUCCESS,Datacenter_2,12,5.71,1291.1,1296.81
13,SUCCESS,Datacenter_4,4,5.71,1291.1,1296.81
25,SUCCESS,Datacenter_4,14,5.71,1291.1,1296.81
1,SUCCESS,Datacenter_6,6,5.71,1291.1,1296.81
5,SUCCESS,Datacenter_8,8,5.71,1291.1,1296.81
77,SUCCESS,Datacenter_8,18,5.71,1291.1,1296.81
19,SUCCESS,Datacenter_8,18,0.43,1296.81,1297.24
65,SUCCESS,Datacenter_1,21,5.71,1293.96,1299.67
10,SUCCESS,Datacenter_4,4,2.86,1296.81,1299.67
82,SUCCESS,Datacenter_4,14,2.86,1296.81,1299.67
49,SUCCESS,Datacenter_6,16,5.71,1293.96,1299.67
70,SUCCESS,Datacenter_1,1,4.08,1295.7,1299.78
52,SUCCESS,Datacenter_4,14,0.29,1299.67,1299.96
35,SUCCESS,Datacenter_1,21,0.43,1299.67,1300.1
27,SUCCESS,Datacenter_4,4,0.43,1299.67,1300.1
92,SUCCESS,Datacenter_1,1,0.43,1299.78,1300.21
71,SUCCESS,Datacenter_1,21,0.43,1300.1,1300.53
68,SUCCESS,Datacenter_1,21,0.29,1300.53,1300.81
80,SUCCESS,Datacenter_1,21,0.29,1300.81,1301.1
4,SUCCESS,Datacenter_1,21,0.29,1301.1,1301.39
37,SUCCESS,Datacenter_2,12,5.71,1296.81,1302.53
85,SUCCESS,Datacenter_8,8,5.71,1296.81,1302.53
9,SUCCESS,Datacenter_6,6,5.71,1296.81,1302.53
42,SUCCESS,Datacenter_6,16,2.86,1299.67,1302.53
11,SUCCESS,Datacenter_8,8,0.43,1302.53,1302.96
33,SUCCESS,Datacenter_8,18,5.71,1297.24,1302.96
78,SUCCESS,Datacenter_8,18,2.86,1302.96,1305.81
45,SUCCESS,Datacenter_2,12,5.71,1302.53,1308.24
29,SUCCESS,Datacenter_6,6,5.71,1302.53,1308.24
43,SUCCESS,Datacenter_2,12,0.43,1308.24,1308.67
41,SUCCESS,Datacenter_8,8,5.71,1302.96,1308.67
96,SUCCESS,Datacenter_2,12,0.29,1308.67,1308.96
83,SUCCESS,Datacenter_8,8,0.43,1308.67,1309.1
34,SUCCESS,Datacenter_6,6,2.86,1308.24,1311.1
53,SUCCESS,Datacenter_8,18,5.71,1305.81,1311.53
26,SUCCESS,Datacenter_8,8,2.86,1309.1,1311.96
84,SUCCESS,Datacenter_8,8,0.29,1311.96,1312.24
8,SUCCESS,Datacenter_8,8,0.29,1312.24,1312.53
66,SUCCESS,Datacenter_6,6,2.86,1311.1,1313.96
54,SUCCESS,Datacenter_8,18,2.86,1311.53,1314.39
88,SUCCESS,Datacenter_8,18,0.29,1314.39,1314.67
31,SUCCESS,Datacenter_0,20,0.43,1341.1,1341.53
51,SUCCESS,Datacenter_0,20,0.43,1341.53,1341.96
48,SUCCESS,Datacenter_0,20,0.29,1341.96,1342.24
32,SUCCESS,Datacenter_0,20,0.29,1342.24,1342.53
94,SUCCESS,Datacenter_0,10,2.86,1341.1,1343.96
95,SUCCESS,Datacenter_0,10,0.43,1343.96,1344.39
23,SUCCESS,Datacenter_0,10,0.43,1344.39,1344.81
50,SUCCESS,Datacenter_0,10,2.86,1344.81,1347.67
46,SUCCESS,Datacenter_0,0,8,1341.1,1349.1
38,SUCCESS,Datacenter_0,10,2.86,1347.67,1350.53
56,SUCCESS,Datacenter_0,10,0.29,1350.53,1350.81
62,SUCCESS,Datacenter_0,0,8,1349.1,1357.1
0,SUCCESS,Datacenter_0,0,0.8,1357.1,1357.9